-- phpMyAdmin SQL Dump
-- version 4.9.2
-- https://www.phpmyadmin.net/
--
-- Host: 127.0.0.1
-- Generation Time: Feb 24, 2020 at 04:13 PM
-- Server version: 10.4.11-MariaDB
-- PHP Version: 7.4.1

SET SQL_MODE = "NO_AUTO_VALUE_ON_ZERO";
SET AUTOCOMMIT = 0;
START TRANSACTION;
SET time_zone = "+00:00";


/*!40101 SET @OLD_CHARACTER_SET_CLIENT=@@CHARACTER_SET_CLIENT */;
/*!40101 SET @OLD_CHARACTER_SET_RESULTS=@@CHARACTER_SET_RESULTS */;
/*!40101 SET @OLD_COLLATION_CONNECTION=@@COLLATION_CONNECTION */;
/*!40101 SET NAMES utf8mb4 */;

--
-- Database: `erpmodule`
--

-- --------------------------------------------------------

--
-- Table structure for table `conference`
--

CREATE TABLE `conference` (
  `sap_id` int(11) DEFAULT NULL,
  `title` varchar(250) CHARACTER SET utf8 DEFAULT NULL,
  `authors` varchar(226) CHARACTER SET utf8 DEFAULT NULL,
  `department` varchar(14) CHARACTER SET utf8 DEFAULT NULL,
  `affiliation` varchar(13) CHARACTER SET utf8 DEFAULT NULL,
  `conference_preceeding` varchar(119) CHARACTER SET utf8 DEFAULT NULL,
  `conf_name` varchar(122) CHARACTER SET utf8 DEFAULT NULL,
  `type` varchar(13) CHARACTER SET utf8 DEFAULT NULL,
  `start_date` datetime DEFAULT NULL,
  `end_date` datetime DEFAULT NULL,
  `category` varchar(19) CHARACTER SET utf8 DEFAULT NULL,
  `publisher` varchar(68) CHARACTER SET utf8 DEFAULT NULL,
  `id_number` varchar(25) CHARACTER SET utf8 DEFAULT NULL,
  `organized` varchar(128) CHARACTER SET utf8 DEFAULT NULL,
  `location` varchar(99) CHARACTER SET utf8 DEFAULT NULL,
  `funding` varchar(14) CHARACTER SET utf8 DEFAULT NULL,
  `amount` int(11) DEFAULT NULL,
  `indexed` varchar(20) DEFAULT NULL,
  `page_no` varchar(25) DEFAULT NULL,
  `month` varchar(11) DEFAULT NULL,
  `year` int(11) DEFAULT NULL,
  `url` varchar(150) DEFAULT NULL,
  `doi` varchar(110) DEFAULT NULL,
  `upload` varchar(175) CHARACTER SET utf8 DEFAULT NULL,
  `status` varchar(25) DEFAULT NULL,
  `remarks` varchar(9) CHARACTER SET utf8 DEFAULT NULL
) ENGINE=InnoDB DEFAULT CHARSET=utf8mb4;

--
-- Dumping data for table `conference`
--

INSERT INTO `conference` (`sap_id`, `title`, `authors`, `department`, `affiliation`, `conference_preceeding`, `conf_name`, `type`, `start_date`, `end_date`, `category`, `publisher`, `id_number`, `organized`, `location`, `funding`, `amount`, `indexed`, `page_no`, `month`, `year`, `url`, `doi`, `upload`, `status`, `remarks`) VALUES
(40001530, 'Handwritten Bengali Numeral Recognition using HOG Based Feature Extraction Algorithm', 'Amitava Choudhury\nSoCS, UPES, Dehradun\n', 'Informatics', 'UPES Dehradun', 'signal Processing and Integrated Networks', 'Amitava Choudhury', 'International', '2018-02-22 00:00:00', '2018-02-23 00:00:00', 'Oral Presentation', 'ieee', '978-1-5386-3045-7', 'Amity University', 'Amity University', 'Yes', 7000, NULL, NULL, NULL, 2019, NULL, NULL, 'https://www.jotform.com/uploads/rnd.upes/90583862144461/4453833409654345306/127_08474215_8297.pdf', NULL, 'Pending'),
(40001928, 'Classification of Chest Diseases Using Convolutional Neural Network', ' Anupam Singh\nUPES, Dehradun\nU.K.', 'Informatics', 'UPES Dehradun', NULL, 'International Conference on Computing, Communication and Cyber- Security(IC4S)', 'International', '2019-10-12 00:00:00', '2019-10-13 00:00:00', 'Oral Presentation', NULL, NULL, 'Southern Federal University', 'Chandigarh', 'No/Self Funded', NULL, NULL, NULL, NULL, 2019, NULL, NULL, NULL, NULL, 'Completed'),
(40001928, 'Formal Development of Fault-Tolerant Majority Based Replica Control Protocol using Event-B', 'Anupam Singh\n\nComputer Science\n\nUPES Dehradun', 'Informatics', 'UPES Dehradun', 'ICCS 2019', 'ICCS 2019', 'International', '2019-07-26 00:00:00', '2018-07-27 00:00:00', 'Oral Presentation', 'Blue Eyes Intelligence Engineering & Sciences Publication', '2278-3075', 'CEC Chandigarh', 'Chnadigarh', 'No/Self Funded', NULL, NULL, NULL, NULL, 2019, NULL, NULL, 'https://www.jotform.com/uploads/rnd.upes/90583862144461/4453637337617160611/Conference_paper_AnupamSingh.docx', NULL, 'Pending'),
(40001616, 'Statistical Analysis of Cloud Based Scheduling Heuristics', 'Narang S., Department of Computer Science and Engineering,\nSRM University, Sonipat, Haryana, India', 'Virtualization', 'UPES Dehradun', 'Information, Communication and Computing Technology', 'ICICCT: International Conference on Information, Communication and Computing Technology', 'International', '2019-05-11 00:00:00', '2019-05-11 00:00:00', 'Oral Presentation', 'Springer, Singapore', 'Print ISBN 978-981-15-138', 'JAGAN INSTITUTE OF MANAGEMENT STUDIES (JIMS)', 'Sector-5, Rohini, Delhi-110085.', 'No/Self Funded', NULL, NULL, NULL, NULL, 2019, NULL, NULL, 'https://www.jotform.com/uploads/rnd.upes/90583862144461/4496059454798522118/Statistical Analysis of Cloud Based Scheduling Heuristics.pdf', NULL, 'Completed'),
(40001616, 'Study and implementation of various load balancing approaches for cloud computing using cloudsim', 'Jain A., Virtualization Department, School of Computer Science, University of Petroleum and Energy Studies, Bidholi, Dehradun, India', 'Virtualization', 'UPES Dehradun', NULL, 'in International conference on recent trends in computer application and information technology', 'International', '2019-04-19 00:00:00', '2019-04-20 00:00:00', 'Oral Presentation', NULL, NULL, 'M. M. Institute of Computer Technology and Business Management, Maharishi Markandeshwar (Deemed to be University)', 'Mullana, Ambala, Haryana, India', 'No/Self Funded', NULL, NULL, NULL, NULL, 2019, NULL, NULL, NULL, NULL, 'Pending'),
(40001511, 'Traffic Management using Logistic Regression with Fuzzy Logic', 'Anurag Singh Tomar, School of Computer Science, University of Petroleum and Energy Studies, Dehradun, India', 'Virtualization', 'UPES Dehradun', 'International Conference on Computational Intelligence and Data Science (ICCIDS 2018)', 'International Conference on Computational Intelligence and Data Science (ICCIDS 2018)', 'International', '2018-04-07 00:00:00', '2018-04-08 00:00:00', 'Oral Presentation', 'Procedia Computer Science(Elsevier) Volume 132', '1877-0509', 'Northcap University, Gurgaon', 'Gurgaon', 'Yes', 11000, NULL, NULL, NULL, 2019, NULL, NULL, 'https://www.jotform.com/uploads/rnd.upes/90583862144461/4453720569651405071/1-s2.0-S1877050918308937-main.pdf', NULL, 'Completed'),
(40001469, 'DevOps: Bridging the gap between Development and Operations', 'Avita Katal;University of Petroleum and Energy Studies', 'Virtualization', 'UPES Dehradun', '2019 3rd International Conference on Computing Methodologies and Communication (ICCMC)', '3rd International Conference on Computing Methodologies and Communication (ICCMC), 2019', 'International', '2019-03-27 00:00:00', '2019-03-29 00:00:00', 'Oral Presentation', 'IEEE', '978-1-5386-7808-4', 'University of Petroleum and Energy Studies', 'Erode, Tamil Nadu', 'Yes', 6750, NULL, NULL, NULL, 2019, NULL, NULL, 'https://www.jotform.com/uploads/rnd.upes/90583862144461/4453807379654799545/08819631.pdf', NULL, 'Pending'),
(40001469, 'Cloud Container Placement Policies: A study and Comparison', 'Avita  Katal; University of Petroleum and Energy Studies', 'Virtualization', 'UPES Dehradun', 'Springer Lecture Notes on Data Engineering and Communications Technologies', '2nd International Conference on Computer Networks and Inventive Communication Technologies (ICCNCT - 2019)', 'International', '2019-05-23 00:00:00', '2019-05-24 00:00:00', 'Oral Presentation', 'Springer', 'ISSN: 2367-4512', 'RVS Technical Campus, Coimbatore, Tamil Nadu, India', 'Coimbatore, Tamil Nadu', 'No/Self Funded', NULL, NULL, NULL, NULL, 2019, NULL, NULL, 'https://www.jotform.com/uploads/rnd.upes/90583862144461/4453785099657222633/ICCNCT.pdf', NULL, 'Completed'),
(40001116, 'Future Prospects and Challenges in Geospatial Database for Handling of Big Data Concept: A Review', 'Mr. Bhagwant Singh, University of Petroleum and Energy Studies, Dehradun\n\n', 'Informatics', 'UPES Dehradun', 'International Journal of Recent Technology and Engineering(TM)', 'ICFCCT-2018', 'International', '2018-12-22 00:00:00', '2018-12-22 00:00:00', 'Oral Presentation', 'BEIESP', 'ISSN:2277-3878(Online)', 'Meerut Institute of Engineering and Technology', 'Meerut, UP', 'Yes', 11260, NULL, NULL, NULL, 2019, NULL, NULL, 'https://www.jotform.com/uploads/rnd.upes/90583862144461/4453872619656452561/Future Prospect and Challenges in GeoDb Bhagwant Singh.pdf', NULL, 'Pending'),
(40001272, 'A Survey of Current Aids for Visually Impaired Persons', 'Bhupendra Singh\nUniversity of Petroleum and Energy Studies', 'Informatics', 'UPES Dehradun', '2018 3rd International Conference On Internet of Things: Smart Innovation and Usages (IoT-SIU)', '2018 3rd International Conference On Internet of Things: Smart Innovation and Usages (IoT-SIU)', 'International', '2018-02-23 00:00:00', '2018-02-24 00:00:00', 'Oral Presentation', 'IEEE', '978-1-5090-6785-5', 'Birla Institute of Applied Science Bhimtal', 'Bhimtal', 'Yes', 15000, NULL, NULL, NULL, 2019, NULL, NULL, 'https://www.jotform.com/uploads/rnd.upes/90583862144461/4453768659654710511/paper.pdf', NULL, 'Completed'),
(40001785, 'Designing an Expert System For Online Shopping Cart Management', 'Deepshikha Bhargava, University of Petroleum and Energy\nStudies, Dehradun, India; Pratikshya Mishra; Anjali Mishra', 'Virtualization', 'UPES Dehradun', 'IEEE DIGITAL LIBRARY (Scopus Indexed)', 'IEEE International Conference on Artificial Intelligence (AICAI’2019)', 'International', NULL, NULL, 'Oral Presentation', 'IEEE', '978-1-5386-9346-9', 'Amity University Dubai', 'Dubai', 'No/Self Funded', NULL, NULL, NULL, NULL, 2019, NULL, NULL, 'https://www.jotform.com/uploads/rnd.upes/90583862144461/4275958596694769908/PID5755303.pdf', NULL, 'Pending'),
(40001785, 'Gamification in Education: A Cognitive Psychology Approach to Cooperative and Fun Learning', 'Mangeshkumar Demkah; Deepshikha Bhargava', 'Virtualization', 'UPES Dehradun', 'IEEE DIGITAL LIBRARY (Scopus Indexed)', 'IEEE International Conference on Artificial Intelligence (AICAI’2019)', 'International', NULL, NULL, 'Oral Presentation', 'IEEE', '978-1-5386-9346-9', 'Amity University Dubai', 'Dubai', 'No/Self Funded', NULL, NULL, NULL, NULL, 2019, NULL, NULL, 'https://www.jotform.com/uploads/rnd.upes/90583862144461/4275956466699023219/PID5755317.pdf', NULL, 'Completed'),
(40001785, 'A Penalty Method Based-Spring Design Optimization Using Bio-inspired Computation Approach', 'Chinwe Peace Igiri; Deepshikha Bhargava; Yudhveer Singh', 'Virtualization', 'UPES Dehradun', 'IEEE DIGITAL LIBRARY', 'IEEE International Conference on Artificial Intelligence (AICAI’2019)', 'International', NULL, NULL, 'Oral Presentation', 'IEEE', '978-1-5386-9346-9', 'Amity University Dubai', 'Duai', 'No/Self Funded', NULL, NULL, NULL, NULL, 2019, NULL, NULL, 'https://www.jotform.com/uploads/rnd.upes/90583862144461/4275953066694244521/PID5753833_ Spring Design Optimization.pdf', NULL, 'Pending'),
(40000016, 'A visionary roadmap in applications of Robotics for Emerging India', 'Gagan Deep Singh; Anil Kumar; Dr. Ajay Prasad; Dr. Manish Prateek;\nUPES, Dehradun', 'Applications', 'UPES Dehradun', 'Vigyan Garima Sindhu', 'Application of Indian Languages in Robotics', 'National', NULL, NULL, 'Oral Presentation', 'MHRD, Government of India', '2320 – 7736', 'UPES along with Commission For Scientific & Technical Terminology, MHRD, GoI', 'Dehradun', 'No/Self Funded', NULL, NULL, NULL, NULL, 2019, NULL, NULL, 'https://www.jotform.com/uploads/rnd.upes/90583862144461/4281026426692596943/Paper_GDS.pdf', NULL, 'Completed'),
(40001286, 'A New Framework for Collecting Implicit User Feedback for Movie and Video Recommender System', 'Sahu H., University of Petroleum and Energy Studies ', 'Cybernetics', 'UPES Dehradun', 'Recent Trends in Communication, Computing, and Electronics, Lecture Notes in Electrical Engineering 524', 'IC3E Allahabad', 'International', '2018-04-13 00:00:00', '2018-04-15 00:00:00', 'Oral Presentation', 'Springer Nature Singapore Pte Ltd. 2019', '978-981-13-2685-1_38', 'J.K institute of Applied Physics, University of Allahabad', 'Allahabad', 'Yes', 9700, NULL, NULL, NULL, 2019, NULL, NULL, 'https://www.jotform.com/uploads/rnd.upes/90583862144461/4456326769652366841/AnewFramework.pdf', NULL, 'Pending'),
(40001286, 'A Personalized Context-Aware Recommender System Based on User-Item Preferences', 'Sahu H., University of Petroleum and Energy Studies \n', 'Cybernetics', 'UPES Dehradun', '`', 'ICDMAI 2018', 'International', '2018-01-19 00:00:00', '2018-01-21 00:00:00', 'Oral Presentation', 'Springer Nature Singapore Pte Ltd. 2019', '978-981-13-1274-8_28', 'IICMR Pune', 'Pune', 'Yes', 20962, NULL, NULL, NULL, 2019, NULL, NULL, 'https://www.jotform.com/uploads/rnd.upes/90583862144461/4456320179659874103/AnewFramework.pdf', NULL, 'Completed'),
(40000950, 'i-Doctor an IOT Based Self Patient’s Health Monitoring System', 'Hitesh Kumar Sharma, University of Petroleum and Energy Studies\n\n', 'Cybernetics', 'UPES Dehradun', 'IEEE', 'CISCT-2019', 'International', '2019-10-11 00:00:00', '2019-10-12 00:00:00', 'Oral Presentation', 'IEEE', 'NA', 'Graphic Era University', 'Dehradun', 'No/Self Funded', NULL, NULL, NULL, NULL, 2019, NULL, NULL, 'https://www.jotform.com/uploads/rnd.upes/90583862144461/4490812374797700483/i-Doctor an IOT Based Self Patient’s Health Monitoring System.docx', NULL, 'Pending'),
(40001058, 'PsyHeal: An Approach to Remote Mental Health Monitoring System', 'Jagdish Chandra Patni', 'Virtualization', 'UPES Dehradun', '2018 International Conference on Advances in Computing and Communication Engineering (ICACCE)', '2018 International Conference on Advances in Computing and Communication Engineering (ICACCE)', 'International', '2018-06-22 00:00:00', '2018-06-23 00:00:00', 'Oral Presentation', 'IEEE', '978-1-5386-4485-0', 'ECE Paris', 'Paris', 'No/Self Funded', NULL, NULL, NULL, NULL, 2019, NULL, NULL, 'https://www.jotform.com/uploads/rnd.upes/90583862144461/4453863899657584098/JCPATNI_PsyHeal An Approach to Remote Mental.pdf', NULL, 'Completed'),
(40001058, 'IMAGE QUALITY ENHANCEMENT USING C PROGRAMMING', 'Jagdish Chandra Patni\nUPES Dehradun', 'Virtualization', 'UPES Dehradun', 'Amity University Dubai', 'Amity International Conference on Artificial Intelligence (AICAI\'2019)', 'International', '2019-02-05 00:00:00', '2019-02-07 00:00:00', 'Oral Presentation', 'IEEE', '978-1-5386-9346-9', 'University of Petroleum and Energy Studies, Dehradun', 'Dubai', 'No/Self Funded', NULL, NULL, NULL, NULL, 2019, NULL, NULL, 'https://www.jotform.com/uploads/rnd.upes/90583862144461/4453862059653394020/Image Quality Enhancement in C Programming.pdf', NULL, 'Pending'),
(40001058, 'Air Quality Prediction using Artificial Neural Networks', 'Jagdish Chandra Patni\nUPES Dehradun', 'Virtualization', 'UPES Dehradun', '2019 International Conference on Automation, Computational and Technology Management (ICACTM)', 'International Conference on Automation, Computational and Technology Management', 'International', '2018-01-01 00:00:00', '2018-01-01 00:00:00', 'Oral Presentation', 'IEEE', '978-1-5386-8010-0', 'Amity University London', 'London', 'No/Self Funded', NULL, NULL, NULL, NULL, 2019, NULL, NULL, 'https://www.jotform.com/uploads/rnd.upes/90583862144461/4453854529657206708/Air Quality Prediction using Artificial Neural Networks.pdf', NULL, 'Completed'),
(40001058, 'Real Time Linguistic Analysis using Natural Language Processing', 'Jagdish Chandra Patni\nUPES Dehradun', 'Virtualization', 'UPES Dehradun', NULL, 'ICMAE', 'International', '2018-06-15 00:00:00', '2018-06-16 00:00:00', 'Oral Presentation', NULL, NULL, 'International Conference on Materials, Applied Physics & Engineering', 'Indore', 'No/Self Funded', NULL, NULL, NULL, NULL, 2019, NULL, NULL, NULL, NULL, 'Pending'),
(40001058, 'Natural Language Processing based Analysis Engine', 'Jagdish Chandra Patni\nUPES Dehradun', 'Virtualization', 'UPES Dehradun', NULL, 'ICMAE-2018', 'International', '2018-06-15 00:00:00', '2018-06-16 00:00:00', 'Oral Presentation', NULL, NULL, 'International Conference on Materials, Applied Physics & Engineering', 'Indore', 'No/Self Funded', NULL, NULL, NULL, NULL, 2019, NULL, NULL, NULL, NULL, 'Completed'),
(40001058, 'USER AUTHENTICATION USING KEYSTROKE DYNAMICS', 'Jagdish Chandra Patni\nUPES Dehradun', 'Virtualization', 'UPES Dehradun', 'IJCA Proceedings on International Conference on Recent Trends in Science, Technology, Management and Social Development', 'International Conference on Recent Trends in Science, Technology, Management and Social Development 2018', 'International', '2018-08-04 00:00:00', '2018-08-05 00:00:00', 'Oral Presentation', 'IJCA', '0975 – 8887', 'SRD Society', 'Bali Indonesia', 'No/Self Funded', NULL, NULL, NULL, NULL, 2019, NULL, NULL, 'https://www.jotform.com/uploads/rnd.upes/90583862144461/4453834529657148560/User Authentication using Keystroke Dynamics.pdf', NULL, 'Pending'),
(40001058, 'Dynamic Task Migration Mechanisms in Cloud Environment: Literature Review and Future Trends', 'Jagdish Chandra Patni\nUPES Dehradun', 'Virtualization', 'UPES Dehradun', 'IJCA Proceedings on International Conference on Recent Trends in Science, Technology, Management and Social Development', 'International Conference on Recent Trends in Science, Technology, Management and Social Development 2018', 'International', '2018-08-04 00:00:00', '2018-08-05 00:00:00', 'Oral Presentation', 'IJCA', '0975 – 8887', 'SRD Society', 'Bali Indonesia', 'No/Self Funded', NULL, NULL, NULL, NULL, 2019, NULL, NULL, 'https://www.jotform.com/uploads/rnd.upes/90583862144461/4453828919657330463/Dynamic Task Migration Mechanisms in Cloud.pdf', NULL, 'Completed'),
(40001058, 'Playing Doom with Deep Reinforcement Learning', 'Jagdish Chandra Patni\nUPES Dehradun', 'Virtualization', 'UPES Dehradun', 'IJCA Proceedings on International Conference on Recent Trends in Science, Technology, Management and Social Development', 'ICRTSTMSD 2018', 'International', '2018-08-04 00:00:00', '2018-08-05 00:00:00', 'Oral Presentation', 'IJCA', '0975 – 8887', 'SRD Society', 'Bali Indonesia', 'No/Self Funded', NULL, NULL, NULL, NULL, 2019, NULL, NULL, 'https://www.jotform.com/uploads/rnd.upes/90583862144461/4453824079655442868/Playing Doom with Deep Reinforcement Learning.pdf', NULL, 'Pending'),
(40001058, 'Advancement on High Performance Computing for Artificial Intelligence and Machine learning Applications', 'Jagdish Chandra Patni; UPES Dehradun', 'Virtualization', 'UPES Dehradun', NULL, 'iCon-MESSSh\'19', 'International', NULL, NULL, 'Oral Presentation', NULL, NULL, 'SRD Society', 'Phuket, Thailand', 'No/Self Funded', NULL, NULL, NULL, NULL, 2019, NULL, NULL, NULL, NULL, 'Completed'),
(40001557, 'Security and Privacy in IoT based E-Business and Retail', 'Keshav Kaushik; School of Computer Science;University of Petroleum & Energy Studies;\nSusheela Dahiya; School of Computer Science;University of Petroleum & Energy Studies', 'Systemics', 'UPES Dehradun', 'IEEE Xplore', 'System Modelling & Advancement on Research Trends', 'International', NULL, NULL, 'Oral Presentation', 'Excel India Publishers', '978-1-5386-6368-4', 'Teerthankar Mahaveer University', 'Moradabad', 'Yes', 11500, NULL, NULL, NULL, 2019, NULL, NULL, 'https://www.jotform.com/uploads/rnd.upes/90583862144461/4284616626696619168/Security and Privacy in IoT based E-Business and Retail.pdf', NULL, 'Pending'),
(40001898, 'A Realistic Configurable Level Triggered Flip-Flop in Quantum-Dot Cellular Automata', 'Mrinal Goswami, University of Petroleum and Energy Studies, Dehradun, India', 'Systemics', 'UPES Dehradun', 'Communications in Computer and Information Science book series (CCIS, volume 1066) Pages 455-467', '23rd International Symposium on VLSI Design and Test (VDAT 2019)', 'International', '2019-07-04 00:00:00', '2019-07-06 00:00:00', 'Poster Presentation', 'Springer', '978-981-32-9767-8', 'IIT Indore', 'Indore, India', 'Yes', 6500, NULL, NULL, NULL, 2019, NULL, NULL, 'https://www.jotform.com/uploads/rnd.upes/90583862144461/4453911159651791936/VDAT 2019.pdf', NULL, 'Completed'),
(40000043, 'BRIEF SURVEY REPORT ON PRIMARY EXPERIMENTAL DATA BASED ON REGIONAL SPECIFIC TARGET GROUP', 'Thapliyal M, University of Petroleum and Energy Studies', 'Systemics', 'UPES Dehradun', NULL, '2nd Doctoral Colloquium 2019', 'National', '2019-05-24 00:00:00', '2019-05-24 00:00:00', 'Oral Presentation', NULL, NULL, 'University of Petroleum and Energy Studies', 'University of Petroleum and Energy Studies, Kandoli campus, Dehradun', 'No/Self Funded', NULL, NULL, NULL, NULL, 2019, NULL, NULL, NULL, NULL, 'Pending'),
(40000043, 'AN ADAPTIVE INTELLIGENT TUTORING SYSTEM FOR LEARNING DISABILITY', 'Bisht A, University of Petroleum and Energy Studies', 'Systemics', 'UPES Dehradun', NULL, '2nd Doctoral Colloquium 2019', 'National', '2019-05-24 00:00:00', '2019-05-24 00:00:00', 'Oral Presentation', NULL, NULL, 'University of Petroleum and Energy Studies', 'University of Petroleum and Energy Studies, Bidholi campus, Dehradun', 'No/Self Funded', NULL, NULL, NULL, NULL, 2019, NULL, NULL, NULL, NULL, 'Completed'),
(40000043, 'A FRAMEWORK OF LEARNER PROFILING IN INTELLIGENT TUTORING SYSTEM FOR LEARNING DISABLED', 'Thapliyal M, University of Petroleum and Energy Studies', 'Systemics', 'UPES Dehradun', 'In process', '4th International Conference on Next Generation Computing Technologies (NGCT 2018)', 'International', '2018-11-21 00:00:00', '2018-11-22 00:00:00', 'Oral Presentation', 'In process', 'In process', 'University of Petroleum and Energy Studies', 'University of Petroleum and Energy Studies, Bidholi campus, Dehradun', 'Yes', 3000, NULL, NULL, NULL, 2019, NULL, NULL, 'https://www.jotform.com/uploads/rnd.upes/90583862144461/4453869199652884732/Research paper NGCT 2018-Monika Thapliyal.pdf', NULL, 'Pending'),
(40000043, 'ASSISTIVE LEARNING TECHNOLOGIES (ALT) FOR INDIVIDUALS WITH SPECIAL NEEDS WITH EMPHASIS ON USER INTERFACE DESIGN: A CRITICAL REVIEW.', 'Malav A, University of Petroleum and Energy Studies', 'Systemics', 'UPES Dehradun', 'In process', 'International  Conference on AAC 2018', 'International', '2018-10-21 00:00:00', '2018-10-23 00:00:00', 'Oral Presentation', 'In process', 'In process', 'HNB Garhwal (Central) University Srinagar Uttarakhand', 'Srinagar, Uttarakhand', 'Yes', 2600, NULL, NULL, NULL, 2019, NULL, NULL, 'https://www.jotform.com/uploads/rnd.upes/90583862144461/4453865539657857898/Paper.pdf', NULL, 'Completed'),
(40000043, 'AN INSTRUCTIVE FRAMEWORK OF INTELLIGENT TUTORING SYSTEM FOR LEARNING DISABILITY', 'Bisht A, University of Petroleum and Energy Studies', 'Systemics', 'UPES Dehradun', 'International Journal of Recent Technology and Engineering (IJRTE)', 'International Conference on Future Computing and Communication Technology (ICFCCT-2018)', 'International', '2018-12-21 00:00:00', '2018-12-22 00:00:00', 'Oral Presentation', 'Blue Eyes Intelligence Engineering and Sciences Publication (BEIESP)', '2277-3878', 'Meerut Institute of Engineering and Technology', 'Meerut', 'Yes', 11442, NULL, NULL, NULL, 2019, NULL, NULL, 'https://www.jotform.com/uploads/rnd.upes/90583862144461/4453857089655728678/An Instructive framework for ITS for Learning Disability.pdf', NULL, 'Pending'),
(40001179, 'DNA Sequence alignment using Dynamic Programming', 'Niharika Singh,UPES', 'Informatics', 'UPES Dehradun', NULL, 'ICICC-2019', 'International', '2018-01-01 00:00:00', '2018-01-01 00:00:00', 'Oral Presentation', NULL, NULL, 'Dayanand Sagar university,', 'bangalore', 'Yes', 8000, NULL, NULL, NULL, 2019, NULL, NULL, NULL, NULL, 'Completed'),
(40001179, 'Short Term Forecasting of Market Clearing Price for an electricity bid on various algorithms using R', 'Niharika Singh,UPES', 'Informatics', 'UPES Dehradun', NULL, 'ICICCT-2019', 'International', '2018-01-01 00:00:00', '2018-01-01 00:00:00', 'Oral Presentation', NULL, NULL, 'CHRIST University', 'bangalore', 'No/Self Funded', NULL, NULL, NULL, NULL, 2019, NULL, NULL, NULL, NULL, 'Pending'),
(40001179, 'Identification of Influence Propagation Metrics in Social Networks', 'Niharika Singh, University of Petroleum and Energy Studies', 'Informatics', 'UPES Dehradun', 'ICACTM-2019', 'ICACTM-2019', 'International', '2019-04-24 00:00:00', '2018-01-25 00:00:00', 'Oral Presentation', 'IEEE', '978-1-5386-8010-0', 'Amity University', 'London', 'Yes', 7000, NULL, NULL, NULL, 2019, NULL, NULL, 'https://www.jotform.com/uploads/rnd.upes/90583862144461/4453690159652424153/PAPER_45.pdf', NULL, 'Completed'),
(40001326, 'Formal Verification of Secure Authentication in Wireless Mesh Network (SAWMN)', 'Ninni Singh, Jaypee University of Information Technology', 'Informatics', 'UPES Dehradun', 'Proceedings of the Second International Conference on Computer and Communication Technologies', 'Proceedings of the Second International Conference on Computer and Communication Technologies', 'International', '2018-01-01 00:00:00', '2018-01-01 00:00:00', 'Oral Presentation', 'Springer India 2016', '2194-5365', 'Proceedings of the Second International Conference on Computer and Communication Technologies', 'Hyderabad', 'No/Self Funded', NULL, NULL, NULL, NULL, 2019, NULL, NULL, 'https://www.jotform.com/uploads/rnd.upes/90583862144461/4453819469655747603/singh2015 2.pdf', NULL, 'Pending'),
(40001326, 'Missing value imputation with unsupervised kohonen self organizing map', 'Ninni Singh, Jaypee University of Information Technology', 'Informatics', 'UPES Dehradun', 'Emerging Research in Computing, Information, Communication and Applications', 'Emerging Research in Computing, Information, Communication and Applications', 'International', '2018-01-01 00:00:00', '2018-01-01 00:00:00', 'Oral Presentation', 'Springer,', '978-81-322-2549-2', 'Nitte Meenakshi Institute of TechnologyBangaloreIndia', 'Banglore', 'No/Self Funded', NULL, NULL, NULL, NULL, 2019, NULL, NULL, 'https://www.jotform.com/uploads/rnd.upes/90583862144461/4453814399652181072/singh2015.pdf', NULL, 'Completed'),
(40001326, 'Image data-deduplication using the block truncation coding technique.', 'Anum Zargar, Jaypee University of Information technology', 'Informatics', 'UPES Dehradun', '2015 International Conference on Futuristic Trends on Computational Analysis and Knowledge Management (ABLAZE)', '2015 International Conference on Futuristic Trends on Computational Analysis and Knowledge Management (ABLAZE)', 'International', '2018-01-01 00:00:00', '2018-01-01 00:00:00', 'Oral Presentation', 'IEEE Exploral', '978-1-4799-8433-6', 'Amity University Noida', 'Noida', 'No/Self Funded', NULL, NULL, NULL, NULL, 2019, NULL, NULL, 'https://www.jotform.com/uploads/rnd.upes/90583862144461/4453805999656731046/zargar2015.pdf', NULL, 'Pending'),
(40001326, 'A secure authentication scheme in multi-operator domain (SAMD) for wireless mesh network', 'Ninni Singh, University of Petroleum and Energy Studies', 'Informatics', 'UPES Dehradun', 'International Conference on Data Engineering and Communication Technology (pp. 343-357). Springer, Singapore.', 'International Conference on Data Engineering and Communication Technology (pp. 343-357). Springer, Singapore.', 'International', '2018-01-01 00:00:00', '2018-01-01 00:00:00', 'Oral Presentation', 'Springer,', '2194-5357', 'First International Conference on Data Engineering and Communication Technology (ICDECT) held during March 10–11, 2016 at Lavasa', 'PUNE', 'No/Self Funded', NULL, NULL, NULL, NULL, 2019, NULL, NULL, 'https://www.jotform.com/uploads/rnd.upes/90583862144461/4453803499654921048/ninnisingh2016.pdf', NULL, 'Completed'),
(40001054, 'Enhancing the Study of Landslide Prone Area through Supervised Analysis: A Case Study of Varunavat Parvat, Uttarkashi, India', 'Poonam Kainthura , Banasthali University', 'Informatics', 'UPES Dehradun', '2018 International Conference on Advances in Computing and Communication Engineering', 'International Conference on Advances in Computing and Communication Engineering (ICACCE-2018)', 'International', '2018-06-22 00:00:00', '2018-06-23 00:00:00', 'Oral Presentation', 'IEEE', '978-1-5386-4486-7', 'ECE Graduate School of Engineering Paris', 'Paris, France', 'No/Self Funded', NULL, NULL, NULL, NULL, 2019, NULL, NULL, 'https://www.jotform.com/uploads/rnd.upes/90583862144461/4453800489652927283/paper.pdf', NULL, 'Pending'),
(NULL, 'Mobility Models and Simulation Tools for Opportunistic Networks', 'Prashant Kumar, University of Petroleum and Energy Studies', 'Systemics', 'UPES Dehradun', 'First International Conference on Secure Cyber Computing and Communication (ICSCCC)', 'First International Conference on Secure Cyber Computing and Communication (ICSCCC)', 'International', '2018-12-15 00:00:00', '2018-12-17 00:00:00', 'Oral Presentation', 'IEEE', '978-1-5386-6373-8', 'National Institute of Technology Jalandhar', 'Jalandhar', 'Yes', 7520, NULL, NULL, NULL, 2019, NULL, NULL, 'https://www.jotform.com/uploads/rnd.upes/90583862144461/4453632659653288621/Mobility Models and Simulation Tools for Opportunistic Networks.pdf', NULL, 'Completed'),
(40001059, 'Information Delivery System for Early Forest Fire Detection Using Internet of Things', 'Ravi Tomar, University of Petroleum and Energy Studies, Dehradun', 'Informatics', 'UPES Dehradun', 'Advances in Computing and Data Sciences', 'ICACDS 2019', 'International', '2018-04-12 00:00:00', '2018-04-13 00:00:00', 'Oral Presentation', 'Springer Singapore', '978-981-13-9939-8', 'Inderprastha Engineering College, Ghaziabad, Uttar Pradesh, India', 'Ghaziabad, Uttar Pradesh, India', 'No/Self Funded', NULL, NULL, NULL, NULL, 2019, NULL, NULL, 'https://www.jotform.com/uploads/rnd.upes/90583862144461/4453746759657895886/27.PDF', NULL, 'Pending'),
(40001059, 'Low-Voltage Multi-input High Trans-conductance Amplifier using Flipped Voltage Follower and its application in High Pass Filter', 'Ravi Tomar, University of Petroleum and Energy Studies', 'Informatics', 'UPES Dehradun', '2019 International Conference on Automation, Computational and Technology Management (ICACTM)', '2019 International Conference on Automation, Computational and Technology Management (ICACTM)', 'International', '2018-04-27 00:00:00', '2018-04-28 00:00:00', 'Oral Presentation', 'IEEE Xplore', '978-1-5386-8010-0', 'Amity University, London', 'London', 'No/Self Funded', NULL, NULL, NULL, NULL, 2019, NULL, NULL, 'https://www.jotform.com/uploads/rnd.upes/90583862144461/4453738269651888555/26.pdf', NULL, 'Completed'),
(40001059, 'Comparative Analysis and Implementation of Popular Sorting Algorithm', 'Ravi Tomar, University of Petroleum and Energy Studies\n, Dehradun, India', 'Informatics', 'UPES Dehradun', 'International Conference on Advances in Engineering Science Management & Technology (ICAESMT) - 2019', 'International Conference on Advances in Engineering Science Management & Technology (ICAESMT) - 2019', 'International', '2018-03-15 00:00:00', '2018-03-15 00:00:00', 'Oral Presentation', 'SSRN', 'Not Issued yet', 'Uttaranchal University', 'Dehradun, India', 'No/Self Funded', NULL, NULL, NULL, NULL, 2019, NULL, NULL, 'https://www.jotform.com/uploads/rnd.upes/90583862144461/4453736539657081854/SSRN-id3403975.pdf', NULL, 'Pending'),
(40001059, 'Integration of Wit API with Python Coded Terminal Bot', 'Ravi Tomar, UPES, Dehradun, India', 'Informatics', 'UPES Dehradun', 'Emerging Technologies in Data Mining and Information Security', 'IEMIS 2018', 'International', '2018-02-23 00:00:00', '2018-02-25 00:00:00', 'Oral Presentation', 'Springer Singapore', '978-981-13-1501-5', 'UNIVERSITY OF ENGINEERING & MANAGEMENT (UEM), West Bengal, Kolkata.', 'West Bengal, Kolkata', 'No/Self Funded', NULL, NULL, NULL, NULL, 2019, NULL, NULL, 'https://www.jotform.com/uploads/rnd.upes/90583862144461/4453722559658976903/23.pdf', NULL, 'Completed'),
(40001671, 'A Comparative Analysis of various Palm print Methods for validation of human', 'Rohit Srivastava, Sir Padampat Singhania University, Udaipur', 'Cybernetics', 'UPES Dehradun', 'Second International Conference on Inventive Communication and Computational Technologies (ICICCT)', 'Second International Conference on Inventive Communication and Computational Technologies (ICICCT)', 'International', '2018-04-20 00:00:00', '2018-04-21 00:00:00', 'Oral Presentation', 'IEEE', '978-1-5386-1974-2', 'Gnanamani Educational Group of Institutions', 'Coimbatore', 'No/Self Funded', NULL, NULL, NULL, NULL, 2019, NULL, NULL, 'https://www.jotform.com/uploads/rnd.upes/90583862144461/4453744579658697992/ICICCT-2018.pdf', NULL, 'Pending'),
(40001237, 'Deep Learning based Brain MRI Segmentation Algorithms', 'Roohi Sille; Dr. Piyush Chauhan; Dr. Durgansh Sharma\n\nUniversity of Petroleum & Energy Studies,\nDehradun, Uttarakhand\n', 'Systemics', 'UPES Dehradun', 'Communications in Computer and Information Science', 'NGCT', 'International', NULL, NULL, 'Oral Presentation', 'Springer CCIS', '1865-0929', 'School of Computer Sscience, UPES, Dehradun', 'UPES', 'No/Self Funded', NULL, NULL, NULL, NULL, 2019, NULL, NULL, 'https://www.jotform.com/uploads/rnd.upes/90583862144461/4275690903016603842/DeepLearningBasedBrainMRISegmentationAlgorithms.pdf', NULL, 'Completed'),
(40001611, 'Proof of Game (PoG): A Game Theory based Consensus Model', 'Dr Adarsh Kumar,School of Computer Science, University of Petroleum and Energy Studies, Bidholi, Dehradun, India\nMr Saurabh Jain, School of Computer Science, University of Petroleum and Energy Studies, Bidholi, Dehradun, India', 'Systemics', 'UPES Dehradun', 'Springer Lecture Notes on Data Engineering and Communications Technologies. Series Editor.: Xhafa, Fatos', 'International Conference on Sustainable Communication Networks and Application', 'International', NULL, NULL, 'Oral Presentation', 'Springer', 'ISSN: 2367-4512', 'Surya Engineering College', 'Erode,Tamilnadu India', 'Yes', 49500, NULL, NULL, NULL, 2019, NULL, NULL, 'https://www.jotform.com/uploads/rnd.upes/90583862144461/4427091884795993328/Paper ID ICSCN-104.pdf', NULL, 'Pending'),
(40001463, 'A Comprehensive Review on Face Recognition Methods and Factors Affecting Facial Recognition Accuracy', 'Shahina Anwarul, UPES\nSusheela dahiya, UPES', 'Systemics', 'UPES Dehradun', 'ISI Proceedings, EI-Compendex, SCOPUS, MetaPress, Web of Science and Springerlink.', 'Second International Conference on Recent Innovations in Computing', 'International', NULL, NULL, 'Oral Presentation', 'LECTURE NOTES IN ELECTRICAL ENGINEERING (LNEE), SPRINGER', '1876-1100', 'Central University of Jammu', 'Jammu & Kashmir', 'Yes', 3000, NULL, NULL, NULL, 2019, NULL, NULL, 'https://www.jotform.com/uploads/rnd.upes/90583862144461/4306970436691999466/ICRIC-2019 (Paper ID 93).pdf', NULL, 'Completed'),
(40001641, 'A Blur Classification Approach using Convolution Neural Network', 'Shamik Tiwari, University of Petroleum and Energy Studies', 'Virtualization', 'UPES Dehradun', NULL, 'Next Generation Computing Technologies, (NGCT’ 2018)', 'International', '2018-11-21 00:00:00', '2018-11-22 00:00:00', 'Oral Presentation', NULL, NULL, 'School of Computer Science, UPES', 'Dehradun', 'No/Self Funded', NULL, NULL, NULL, NULL, 2019, NULL, NULL, NULL, NULL, 'Pending'),
(40001931, 'Impact of Assistive Technologies in Addressing Challenges in Indoor Farming: A Review', 'Mongia S, University of Petroleum and Energy Studies', 'Informatics', 'UPES Dehradun', NULL, '6 th AGRO - HORTICULTURE SUPPLY CHAIN CONFERENCE- FOOD SECURITY AND SUSTAINABLE SUPPLY CHAIN IN AGRICULTURE & HORTICULTURE', 'National', '2019-10-04 00:00:00', '2019-10-05 00:00:00', 'Oral Presentation', NULL, NULL, 'University of Petroleum and Energy Studies', 'Kandoli, Dehradun', 'No/Self Funded', NULL, NULL, NULL, NULL, 2019, NULL, NULL, NULL, NULL, 'Completed'),
(40001517, 'Enhanced Secure Transmission of Data in Wireless Body Area Network for Health Care Applications', 'Sumit Kumar (School of Computer Science and Engineering, College of Engineering Studies University of Petroleum and Energy Studies Dehradun India)', 'Systemics', 'UPES Dehradun', 'Smart and Innovative Trends in Next Generation Computing Technologies', 'International Conference on Next Generation Computing Technologies', 'International', '2018-01-01 00:00:00', '2018-01-01 00:00:00', 'Oral Presentation', 'Springer, Singapore', '978-981-10-8660-1', 'University of Petroleum and Energy Studies', 'Dehradun', 'No/Self Funded', NULL, NULL, NULL, NULL, 2019, NULL, NULL, 'https://www.jotform.com/uploads/rnd.upes/90583862144461/4453835059655847485/Enhanced Secure Transmission of Data in Wireless Body Area Network for Health Care Applications.pdf', NULL, 'Pending'),
(40001471, 'UNMANNED AERIAL VEHICLE: VULNERABILITY TO CYBER ATTACKS', 'Susheela Dahiya, School of Computer Science, \nUniversity of Petroleum & Energy Studies, Dehradun\n', 'Applications', 'UPES Dehradun', 'Not published till now', 'International Conference on Unmanned Aerial System in Geomatics - 2019', 'International', '2019-04-06 00:00:00', '2019-04-07 00:00:00', 'Poster Presentation', 'Not published till now', 'Not published till now', 'IIT Roorkee', 'Greater Noida', 'Yes', 6730, NULL, NULL, NULL, 2019, NULL, NULL, 'https://www.jotform.com/uploads/rnd.upes/90583862144461/4453874619656503966/UNMANNED AERIAL VEHICLE VULNERABILITY TO CYBER ATTACKS.pdf', NULL, 'Completed'),
(40001714, 'Customer Segmentation using K-means Clustering', 'Tushar Kansal ; Suraj Bahuguna ; Vishal Singh ; Tanupriya Choudhury', 'Informatics', 'UPES Dehradun', '2018 International Conference on Computational Techniques, Electronics and Mechanical Systems (CTEMS)', '2018 International Conference on Computational Techniques, Electronics and Mechanical Systems (CTEMS)', 'International', '2018-12-21 00:00:00', '2018-12-23 00:00:00', 'Oral Presentation', 'IEEE', '978-1-5386-7709-4', 'K.L.S. Gogte Institute of Technology,Belagavi, Karnataka, India', 'Belagavi', 'No/Self Funded', NULL, NULL, NULL, NULL, 2019, NULL, NULL, 'https://www.jotform.com/uploads/rnd.upes/90583862144461/4453822339653092938/del.pdf', NULL, 'Pending'),
(40001714, 'Detecting Malware & Analysing Using Sandbox Evasion', 'Sajal Jain; Tanupriya Choudhury; Vivek Kumar; Praveen Kumar', 'Informatics', 'UPES Dehradun', 'International Conference on Communication, Computing and Internet of Things (IC3IoT)', 'International Conference on Communication, Computing and Internet of Things (IC3IoT)', 'International', NULL, NULL, 'Oral Presentation', 'IEEE', ' 978-1-5386-2459-3', 'SRI SAI RAM ENGINEERING COLLEGE', '\"SRI SAI RAM ENGINEERING COLLEGE Sai Leo Nagar, West Tambaram, Chennai - 600 044 Tamil Nadu. India\"', 'No/Self Funded', NULL, NULL, NULL, NULL, 2019, NULL, NULL, 'https://www.jotform.com/uploads/rnd.upes/90583862144461/4344482946223944504/detecting sandbox evasion.pdf', NULL, 'Completed'),
(40001714, 'An efficient method for security measurement in internet of things', 'Sahil Narang; Tarun Nalwa; Tanupriya Choudhury; Nirbhay Kashyap', 'Informatics', 'UPES Dehradun', 'International Conference on Communication, Computing and Internet of Things (IC3IoT)', 'International Conference on Communication, Computing and Internet of Things (IC3IoT)', 'International', NULL, NULL, 'Oral Presentation', 'IEEE', ' 978-1-5386-2459-3', 'SRI SAI RAM ENGINEERING COLLEGE', '\"SRI SAI RAM ENGINEERING COLLEGE Sai Leo Nagar, West Tambaram, Chennai - 600 044 Tamil Nadu. India\"', 'No/Self Funded', NULL, NULL, NULL, NULL, 2019, NULL, NULL, 'https://www.jotform.com/uploads/rnd.upes/90583862144461/4344482076223267357/08668159.pdf', NULL, 'Pending'),
(40001714, 'A framework for Security and protection in Internet of things (IoT) devices', 'Komal Jaswal; Nirbhay Kashyap; Manmohan Singla; Tanupriya Choudhury', 'Informatics', 'UPES Dehradun', 'International Conference on Communication, Computing and Internet of Things (IC3IoT)', 'Tanupriya Choudhury', 'International', NULL, NULL, 'Oral Presentation', 'IEEE', ' 978-1-5386-2459-3', 'SRI SAI RAM ENGINEERING COLLEGE', '\"SRI SAI RAM ENGINEERING COLLEGE Sai Leo Nagar, West Tambaram, Chennai - 600 044 Tamil Nadu. India\"', 'No/Self Funded', NULL, NULL, NULL, NULL, 2019, NULL, NULL, 'https://www.jotform.com/uploads/rnd.upes/90583862144461/4344480756222994252/framework iot.pdf', NULL, 'Completed'),
(40001714, 'A Recent Trends and Techniques of Big Data Management', 'Palak Makkar; Tanupriya Choudhury; Akash Nigam; Praveen Kumar', 'Informatics', 'UPES Dehradun', 'International Conference on Communication, Computing and Internet of Things (IC3IoT)', 'International Conference on Communication, Computing and Internet of Things (IC3IoT)', 'International', NULL, NULL, 'Oral Presentation', 'IEEE', ' 978-1-5386-2459-3', 'SRI SAI RAM ENGINEERING COLLEGE', '\"SRI SAI RAM ENGINEERING COLLEGE Sai Leo Nagar, West Tambaram, Chennai - 600 044 Tamil Nadu. India\"', 'No/Self Funded', NULL, NULL, NULL, NULL, 2019, NULL, NULL, 'https://www.jotform.com/uploads/rnd.upes/90583862144461/4344478816222200019/recenet big data.pdf', NULL, 'Pending'),
(40001714, 'Smart Sentimental Agent Analysis through Live Streaming Data', 'Pratham Sharma; Tanupriya Choudhury; A Sai Sabitha; Gaurav Raj', 'Informatics', 'UPES Dehradun', 'International Conference on Communication, Computing and Internet of Things (IC3IoT)', 'International Conference on Communication, Computing and Internet of Things (IC3IoT)', 'International', NULL, NULL, 'Oral Presentation', 'IEEE', ' 978-1-5386-2459-3', 'SRI SAI RAM ENGINEERING COLLEGE', '\"SRI SAI RAM ENGINEERING COLLEGE Sai Leo Nagar, West Tambaram, Chennai - 600 044 Tamil Nadu. India\"', 'No/Self Funded', NULL, NULL, NULL, NULL, 2019, NULL, NULL, 'https://www.jotform.com/uploads/rnd.upes/90583862144461/4344477746229217268/smart sentiment .pdf', NULL, 'Completed'),
(40001714, 'Classification of swine flu patients using gene expression : “For a safer future”', 'Jalendu Dhamija; Tanupriya Choudhury; Praveen Kumar; Arushi Tetarbe', 'Informatics', 'UPES Dehradun', 'International Conference on Communication, Computing and Internet of Things (IC3IoT)', 'International Conference on Communication, Computing and Internet of Things (IC3IoT)', 'International', NULL, NULL, 'Oral Presentation', 'IEEE', ' 978-1-5386-2459-3', 'SRI SAI RAM ENGINEERING COLLEGE', '\"SRI SAI RAM ENGINEERING COLLEGE Sai Leo Nagar, West Tambaram, Chennai - 600 044 Tamil Nadu. India\"', 'No/Self Funded', NULL, NULL, NULL, NULL, 2019, NULL, NULL, 'https://www.jotform.com/uploads/rnd.upes/90583862144461/4344476666223279325/classification swine flue.pdf', NULL, 'Pending'),
(40001714, 'Addressing Challenges of Hadoop for BIG Data Analysis', 'Rahul Khullar; Tushar Sharma; Tanupriya Choudhury; Rajat Mittal', 'Informatics', 'UPES Dehradun', 'International Conference on Communication, Computing and Internet of Things (IC3IoT)', 'International Conference on Communication, Computing and Internet of Things (IC3IoT)', 'International', NULL, NULL, 'Oral Presentation', 'IEEE', ' 978-1-5386-2459-3', 'SRI SAI RAM ENGINEERING COLLEGE', '\"SRI SAI RAM ENGINEERING COLLEGE Sai Leo Nagar, West Tambaram, Chennai - 600 044 Tamil Nadu. India\"', 'No/Self Funded', NULL, NULL, NULL, NULL, 2019, NULL, NULL, 'https://www.jotform.com/uploads/rnd.upes/90583862144461/4343345942119620761/08668136.pdf', NULL, 'Completed'),
(40001714, 'Study on H.265/HEVC against VP9 and H.264 : On Space and Time Complexity for Codecs', 'Jay Sharma; Tanupriya Choudhury; Suresh Chandra Satapathy; A Sai Sabitha', 'Informatics', 'UPES Dehradun', 'International Conference on Communication, Computing and Internet of Things (IC3IoT)', 'International Conference on Communication, Computing and Internet of Things (IC3IoT)', 'International', NULL, NULL, 'Poster Presentation', 'IEEE', ' 978-1-5386-2459-3', 'SRI SAI RAM ENGINEERING COLLEGE', '\"SRI SAI RAM ENGINEERING COLLEGE Sai Leo Nagar, West Tambaram, Chennai - 600 044 Tamil Nadu. India\"', 'No/Self Funded', NULL, NULL, NULL, NULL, 2019, NULL, NULL, 'https://www.jotform.com/uploads/rnd.upes/90583862144461/4343342922112630798/08668132.pdf', NULL, 'Pending'),
(40001714, 'Classification of brain simulation using artificial intelligence, cognitive science and neuroscience', 'Mohit Sharma; Rajat Mittal; Tanupriya Choudhury; Kamaraju Vishnu', 'Informatics', 'UPES Dehradun', 'International Conference on Communication, Computing and Internet of Things (IC3IoT)', 'International Conference on Communication, Computing and Internet of Things (IC3IoT)', 'International', NULL, NULL, 'Oral Presentation', 'IEEE', '978-1-5386-2459-3', 'SRI SAI RAM ENGINEERING COLLEGE', 'SRI SAI RAM ENGINEERING COLLEGE Sai Leo Nagar, West Tambaram, Chennai - 600 044 Tamil Nadu. India', 'No/Self Funded', NULL, NULL, NULL, NULL, 2019, NULL, NULL, 'https://www.jotform.com/uploads/rnd.upes/90583862144461/4343340462114332208/08668129.pdf', NULL, 'Completed'),
(40001714, 'Data Mining in Healthcare and Predicting Obesity.', 'Dr. Tanupriya Choudhury\nDr. A Sai Sabitha\nAnant', 'Informatics', 'UPES Dehradun', 'International Conference on Computational Intelligence and Informatics-2018(ICCII-2018)', 'Tanupriya Choudhury', 'International', NULL, NULL, 'Oral Presentation', 'Springer AISC Series', 'In press', 'JNTU Hyderabad', 'Hyderabad', 'Yes', 10000, NULL, NULL, NULL, 2019, NULL, NULL, 'https://www.jotform.com/uploads/rnd.upes/90583862144461/4336387084799168677/Abstract_Data Mining in Healthcare and Predicting Obesity.pdf', NULL, 'Pending'),
(40001714, 'Simulation of Cloud Services with Help of Storage Virtualization', 'Irin Solomon, Parveen Mor, Tanupriya Choudhury and Archit Aggarwal', 'Informatics', 'UPES Dehradun', 'NGCT-2018', 'Tanupriya Choudhury', 'International', NULL, NULL, 'Oral Presentation', 'Springer CCIS', 'In process', 'UPES Dehradun', 'UPES Dehradun', 'Yes', 3000, NULL, NULL, NULL, 2019, NULL, NULL, 'https://www.jotform.com/uploads/rnd.upes/90583862144461/4336243374796629947/NGCT_227_Updated_CRC.pdf', NULL, 'Completed'),
(40001567, 'Challenges of Cyber Security in the current scenario: A Review', 'Misra T., c', 'Systemics', 'UPES Dehradun', NULL, 'International Conference on Future Computing and Communication Technology', 'International', '2018-12-22 00:00:00', '2018-12-22 00:00:00', 'Oral Presentation', NULL, NULL, 'Meerut Institute of Engineering & Technology, Meerut', 'Meerut, Uttar Pradesh', 'Yes', 11000, NULL, NULL, NULL, 2019, NULL, NULL, NULL, NULL, 'Pending'),
(40001460, 'On Analysis and Discussion of Various Performance Parameters of Omega and Advance Omega Interconnection Network', 'Ved Prakash Bhardwaj,\nUPES, Dehradun', 'Cybernetics', 'UPES Dehradun', '2018 4th International Conference on Computing Communication and Automation (ICCCA 2018', 'International Conference on Computing Communication and Automation (ICCCA)', 'International', '2018-12-14 00:00:00', '2018-12-15 00:00:00', 'Oral Presentation', 'IEEE', '978-1-5386-6947-1', 'Galgotiyas University', 'Greater Noida', 'Yes', 6000, NULL, NULL, NULL, 2019, NULL, NULL, 'https://www.jotform.com/uploads/rnd.upes/90583862144461/4476202799652682424/iccca.pdf', NULL, 'Completed');

-- --------------------------------------------------------

--
-- Table structure for table `data`
--

CREATE TABLE `data` (
  `sap_id` int(11) DEFAULT NULL,
  `title` varchar(201) CHARACTER SET utf8 NOT NULL,
  `authors` varchar(67) CHARACTER SET utf8 DEFAULT NULL,
  `department` varchar(20) CHARACTER SET utf8 DEFAULT NULL,
  `affiliation` varchar(45) CHARACTER SET utf8 DEFAULT NULL,
  `category` varchar(12) CHARACTER SET utf8 DEFAULT NULL,
  `publisher` varchar(127) CHARACTER SET utf8 DEFAULT NULL,
  `month` varchar(9) CHARACTER SET utf8 DEFAULT NULL,
  `year` int(11) DEFAULT NULL,
  `identifier` varchar(4) CHARACTER SET utf8 DEFAULT NULL,
  `number` varchar(56) CHARACTER SET utf8 DEFAULT NULL,
  `doi` varchar(44) CHARACTER SET utf8 DEFAULT NULL,
  `indexed` varchar(12) CHARACTER SET utf8 DEFAULT NULL,
  `volume` varchar(7) CHARACTER SET utf8 DEFAULT NULL,
  `issue` varchar(7) CHARACTER SET utf8 DEFAULT NULL,
  `page_no` varchar(19) CHARACTER SET utf8 DEFAULT NULL,
  `url` varchar(144) CHARACTER SET utf8 DEFAULT NULL,
  `verification_document` varchar(18) CHARACTER SET utf8 DEFAULT NULL,
  `status` varchar(9) CHARACTER SET utf8 DEFAULT NULL,
  `remarks` varchar(9) CHARACTER SET utf8 NOT NULL DEFAULT 'Pending'
) ENGINE=InnoDB DEFAULT CHARSET=utf8mb4;

--
-- Dumping data for table `data`
--

INSERT INTO `data` (`sap_id`, `title`, `authors`, `department`, `affiliation`, `category`, `publisher`, `month`, `year`, `identifier`, `number`, `doi`, `indexed`, `volume`, `issue`, `page_no`, `url`, `verification_document`, `status`, `remarks`) VALUES
(40001714, 'A Hybrid of Round Robin and Shortest Job first CPU Scheduling Algorithm for Minimizing Average', 'Tanuja Jha', 'Informatics', 'UPES Dehradun', 'Conference', 'Second International Conference on Green Computing and Internet of Things (ICGCIoT 2018)', NULL, 2018, 'ISBN', '978-1-5386-5657-0', NULL, 'Scopus', NULL, NULL, NULL, NULL, 'Published 1st Page', 'Accepted', 'Pending'),
(40001735, 'A Multi-layered Outlier Detection Model for Resource Constraint Hierarchical MANET', 'Alok Aggarwal, Divakar Yadav', 'Systemics', 'UPES Dehradun', 'Conference', 'IEEE', 'null', 2018, 'null', 'null', 'null', 'Scopus', '4', 'null', 'null', 'null', 'null', 'Accepted', 'Pending'),
(40000816, 'A New Approach for VM Failure Prediction using Stochastic Model in Cloud', 'Rama Sushil, Amit Agarwal, Afzal Sikander', 'Informatics', 'UPES Dehradun', 'Journal', 'IETE Journal of Research, Taylor and Francis', 'October', 2018, 'ISSN', '0974-780X', '10.1080/03772063.2018.1537814', 'SCI', '65', '1', NULL, 'https://www.tandfonline.com/doi/ref/10.1080/03772063.2018.1537814?scroll=top', 'Published 1st Page', 'Published', 'Completed'),
(40001286, 'A New Framework for Collecting Implicit User Feedback\nfor Movie and Video Recommender System', 'Neha Sharma, Utkarsh Gupta', 'Cybernetics', 'UPES Dehradun', 'Conference', 'International Conference on Emerging Trends in Communication, Computing and Electronics', 'December', 2018, 'ISBN', '978-981-13-2684-4', NULL, 'Scopus', NULL, NULL, NULL, 'https://link.springer.com/chapter/10.1007/978-981-13-2685-1_38', NULL, 'Published', 'Pending'),
(40001735, 'A Novel and Efficient Reader-to-Reader and Tag-to-Tag Anti-Collision Protocol', 'Alok Aggarwal, Krishna Gopal', 'Systemics', 'UPES Dehradun', 'Journal', 'IETE Journal of Research, Taylor and Francis', NULL, 2018, 'ISSN', '0377-2063', '10.1080/03772063.2018.1537815', 'SCI', NULL, NULL, NULL, 'https://www.tandfonline.com/doi/ref/10.1080/03772063.2018.1537815?scroll=top', NULL, 'Published', 'Completed'),
(40001326, 'A Novel Architecture for Learner-Centric Curriculum Sequencing in Adaptive Intelligent Tutoring System', 'Neelu Jyothi Ahuja, Amit Kumar,', 'Systemics', 'UPES Dehradun', 'Journal', 'IGI Global', 'July-Sep', 2018, 'ISSN', '15487717', '10.4018/JCIT.2018070101', 'Scopus', '20', '3', '2018-01-20 00:00:00', 'https://www.igi-global.com/article/a-novel-architecture-for-learner-centric-curriculum-sequencing-in-adaptive-intelligent-tutoring-system/207363', 'Published 1st Page', 'Published', 'Pending'),
(40001308, 'A Quantitative Technique for Evaluating Uncertainities in the Duration of Activities within a Software Project', 'Sanjay Tyagi, Pardeep Kumar', 'Virtualization', 'UPES Dehradun', 'Journal', 'Journal of King Saud University-Computer and Information Sciences (JKSUCI)', 'December', 2018, NULL, NULL, NULL, 'eSCI', NULL, NULL, NULL, NULL, NULL, 'Accepted', 'Completed'),
(40001308, 'A Review on Cloud Simulation Tools for Resource Scheduling', 'Sanjay Tyagi, Pardeep Kumar', 'Virtualization', 'UPES Dehradun', 'Conference', '4th International Conference on Next Generation, Computing, Technologies (NGCT 2018), Springer', 'November', 2018, NULL, NULL, NULL, 'Scopus', NULL, NULL, NULL, NULL, NULL, 'Accepted', 'Completed'),
(40000016, 'A review on VANET routing protocols and Wireless Standards', ' Ravi Tomar, G.H.Sastry, Manish Prateek', 'Computer Application', 'UPES Dehradun', 'Conference', 'Springer Nature, Singapore', 'January', 2018, 'ISBN', '978-981-10-5547-8', 'https://doi.org/10.1007/978-981-10-5547-8_34', 'Scopus', '78', NULL, 'pp 329-340', 'https://link.springer.com/chapter/10.1007/978-981-10-5547-8_34', NULL, 'Published', 'Completed'),
(40001617, 'A Self-Optimization Based Virtual Machine Scheduling to Workloads in Cloud Computing Environment', 'Amit Agarwal, Venkatadri M, Ashutosh Pasricha', 'Informatics', 'UPES Dehradun', 'Conference', 'International Conference on Engineering, Technology and Management for Sustainable Development (ICETMSD-2018)', 'October', 2018, NULL, NULL, NULL, 'Scopus', NULL, NULL, NULL, NULL, NULL, 'Accepted', 'Pending'),
(40001272, 'A Survey of Current Aids for Visually Impaired Persons ', 'Monit Kapoor', 'Virtualization', 'UPES Dehradun', 'Conference', '2018 3rd International Conference On Internet of Things: Smart Innovation and Usages (IoT-SIU)', 'November', 2018, NULL, NULL, NULL, 'Scopus', NULL, NULL, NULL, NULL, NULL, 'Published', 'Completed'),
(40001735, 'A Survey on Emerging Cyber Threat Intelligence Platforms', 'Alok Aggarwal, Neelu Jyoti Ahuja, Neeraj Chugh, Himanshu Chaudhary', 'Systemics', 'UPES Dehradun', 'Conference', 'nternational Conference on Startup Ventures: Technology Developments and Future Strategies ', NULL, 2018, NULL, NULL, NULL, 'Other', NULL, NULL, NULL, NULL, NULL, 'Accepted', 'Pending'),
(40001735, 'Action, Decision and Monitoring based Multilayered Outlier Detection Model for Resource Constraint MANET', 'Alok Aggarwal, Neelu Jyoti Ahuja', 'Systemics', 'UPES Dehradun', 'Conference', '4th International Conference on Next Generation, Computing, Technologies (NGCT 2018), Springer', NULL, 2018, NULL, NULL, NULL, 'Scopus', NULL, NULL, NULL, NULL, NULL, 'Accepted', 'Pending'),
(40001287, 'Alpha labeling of cyclic graphs - I', 'Ajay Singh, Debdas Mishra and V.K. Srivastava', 'Informatics', 'UPES Dehradun', 'Journal', 'ARS Combinatoria ', 'August', 2018, NULL, NULL, NULL, 'Scopus', NULL, NULL, NULL, NULL, NULL, 'Accepted', 'Completed'),
(40001684, 'An Approach towards Real Time Smart Vehicular System Using Internet of Things', 'Nitin Arora, Kamal Preet Singh', 'Informatics', 'UPES Dehradun', 'Journal', 'International Journal of Research in Engineering, IT and Social Science', 'October', 2018, 'ISSN', '2250-0588', 'Not Available ', 'UGC Approved', '8', '10', '52-56', 'http://indusedu.org/pdfs/IJREISS/IJREISS_2296_55184.pdf.', NULL, 'Published', 'Pending'),
(40001530, 'An Efficient Algorithm for Detecting and measure the properties of pothole', 'Rohit Ramchandani, Md Shamoon, Ankit Khare, Keshav Kaushik', 'Informatics', 'UPES Dehradun', 'Conference', 'Springer, Singapore', 'September', 2018, NULL, NULL, NULL, NULL, NULL, NULL, NULL, NULL, NULL, 'Accepted', 'Pending'),
(40001735, 'An Efficient Outlier Detection Mechanism for RFID-Sensor Integrated MANET', 'Alok Aggarwal', 'Systemics', 'UPES Dehradun', 'Conference', '18th International Conference on Intelligent Systems Design and Applications, Springer', NULL, 2018, NULL, NULL, NULL, 'Scopus', NULL, NULL, NULL, NULL, NULL, 'Accepted', 'Pending'),
(40001714, 'An Entire Dynamic Malware Examination with Near Investigation of Conduct Examination Sandboxes', 'Sajal Jain, S K Niranjan Aradhya, Praveen Kumar', 'Informatics', 'UPES Dehradun', 'Conference', ' Second International Conference on Green Computing and Internet of Things (ICGCIoT 2018)', NULL, 2018, 'ISBN', '978-1-5386-5657-0', NULL, 'Scopus', NULL, NULL, NULL, NULL, NULL, 'Accepted', 'Pending'),
(40001735, 'An Improved Outlier Detection Mechanism for Hierarchical Key Management in Hierarchical Mobile Ad-hoc Networks (MANETs)', 'Alok Aggarwal, Neelu Jyoti Ahuja, Neeraj Chugh, Himanshu Chaudhary', 'Systemics', 'UPES Dehradun', 'Conference', 'International Conference on Startup Ventures: Technology Developments and Future Strategies , Manipal University, Jaipur, India', NULL, 2018, NULL, NULL, NULL, 'Other', NULL, NULL, NULL, NULL, NULL, 'Accepted', 'Pending'),
(40001287, 'Automation of seat', 'Dr. Manish Prateek', 'Informatics', 'UPES Dehradun', 'Patent', 'Patent Journal No.36/2018', 'August', 2018, NULL, '201811030215A', NULL, 'Other', NULL, NULL, NULL, NULL, NULL, NULL, 'Completed'),
(40001617, 'Autonomic Cloud Resource Management', 'Amit Agarwal, Venkatadri M, Ashutosh Pasricha', 'Informatics', 'UPES Dehradun', 'Conference', 'IEEE Fifth International Conference on Parallel, Distributed and Grid Computing', 'December', 2018, NULL, NULL, NULL, 'Scopus', NULL, NULL, NULL, NULL, NULL, 'Accepted', 'Pending'),
(40000453, 'Availability aspects through optimization techniques based outlier detection mechanism in wireless and mobile networks', 'Adarsh Kumar, Alok Aggarwal', 'Systemics', 'UPES Dehradun', 'Journal', 'International Journal of Computer Networks & Communications, AIRCC', NULL, 2018, 'ISSN', '0974-9322', NULL, 'Scopus', NULL, NULL, NULL, NULL, NULL, 'Accepted', 'Pending'),
(40000453, 'AVAILABILITY ASPECTS THROUGH OPTIMIZATION TECHNIQUES BASED OUTLIER DETECTION MECHANISM IN WIRELESS AND MOBILE NETWORKS', 'Adarsh Kumar , Alok Aggarwal', 'Systemics', 'UPES Dehradun', 'Journal', 'International Journal of Computer Networks & Communications (IJCNC)', 'November', 2018, 'ISSN', '0974-9322', NULL, 'Scopus', '10', '6', '77-96', NULL, NULL, 'Published', 'Completed'),
(40000043, 'Characterization of Human Knowledge for Intelligent Tutoring', NULL, 'Systemics', 'UPES Dehradun', 'Conference', 'Springer Verlag', 'February', 2018, 'ISSN', '21945357', '10.1007/978-981-10-6872-0_34', 'Scopus', '563', NULL, '363-373', 'https://link.springer.com/chapter/10.1007%2F978-981-10-6872-0_34', 'Published 1st Page', 'Published', 'Completed'),
(40001617, 'Cloud Based Platform Independent Practical Evaluation Model for Technical University ', 'Anurag Jain, Nitin Arora, Prashant Rawat', 'Informatics', 'UPES Dehradun', 'Journal', 'IJSRCSAMS', 'July ', 2018, 'ISSN', '2319–1953', NULL, 'UGC Approved', '7', '4', '1--3', 'http://www.ijsrcsams.com/images/stories/Past_Issue_Docs/ijsrcsamsv7i4p92.pdf', NULL, 'Published', 'Published'),
(40001735, 'Comparative Analysis of Elliptic Curve Cryptography based Lightweight Authentication Protocols for RFID-Sensor Integrated MANETs ', 'Alok Aggarwal', 'Systemics', 'UPES Dehradun', 'Conference', '18th International Conference on Intelligent Systems Design and Applications', NULL, 2018, NULL, NULL, NULL, 'Scopus', NULL, NULL, NULL, NULL, NULL, 'Accepted', 'Pending'),
(40001460, 'Comparison of Fault Tolerance Amid Various Irregular MINs', ' Piyush Chauhan, Ankit Khare, Alok Jhaldiyal, Nitin', 'Cybernetics', 'UPES Dehradun', 'Conference', '5th International Springer', 'June', 2018, NULL, NULL, NULL, 'Scopus', NULL, NULL, NULL, NULL, NULL, 'Accepted', 'Completed'),
(40001533, 'Critical Success Factors and Critical Barriers for Application of Information Technology to Knowledge Management/ Experience Management for Software Process Improvement – Findings from literary studies', 'Nitin Chanderwal', 'Computer Application', 'UPES Dehradun', 'Conference', '3rd International Conference on Next Generation Computing Technologies (NGCT 2017)', 'June', 2018, 'ISSN', '1865-0929', NULL, 'Scopus', '827', NULL, '310-322', 'https://link.springer.com/chapter/10.1007/978-981-10-8657-1_24', 'Published 1st Page', 'Published', 'Completed'),
(40001237, 'Deep Learning Based Brain MRI Segmentation Algorithms', 'Dr. Piyush Chauhan, Dr. Durgansh Sharma', 'Systemics', 'UPES Dehradun', 'Conference', '4th International Conference on Next Generation, Computing, Technologies (NGCT 2018), Springer', 'November', 2018, NULL, NULL, NULL, 'Scopus', NULL, NULL, NULL, NULL, NULL, 'Accepted', 'Completed'),
(40001617, 'Energy-Aware Autonomic Resource Scheduling Framework for Cloud', 'Amit Agarwal, Venkatadri M, Ashutosh Pasricha', 'Informatics', 'UPES Dehradun', 'Journal', 'International Journal of Mathematical, Engineering and Management Sciences ', 'November', 2018, 'ISSN', '2455-7749', '10.33889/IJMEMS.2019.4.1-004', 'Scopus', '4', '1', '45-54', 'http://www.ijmems.in/assets/4-ijmems-18-234-vol.-4%2c-no.-1%2c-41%e2%80%9355%2c-2019.pdf', NULL, 'Published', 'Completed'),
(40001308, 'Energy-aware Virtual Machine Selection and Allocation Strategies in Cloud Data Centers', 'Sanjay Tyagi, Pardeep Kumar', 'Virtualization', 'UPES Dehradun', 'Conference', '5th International Conference on Parallel, Distributed and Grid Computing (PDGC 2018), Springer', 'December', 2018, NULL, NULL, NULL, 'Scopus', NULL, NULL, NULL, NULL, NULL, 'Accepted', 'Completed'),
(40001517, 'Enhanced Secure Transmission of data in WBAN with predictive model for health care applications', 'Anurag Singh Tomar, Sandip K Chaurasiya', 'Systemics', 'UPES Dehradun', 'Journal', 'IDT', 'July', 2018, 'ISSN', '1875-8843_x000D_\n', 'Under publication', 'Scopus', 'Pending', 'Pending', 'Pending', 'Pending', NULL, 'Accepted', 'Pending'),
(40001616, 'Evolution of Computing-Mainframe to Cloud: A Systematic Study', 'Bhupesh Kumar Dewangan, Nitin Arora, Prashant Rawat, Rajneesh Kumar', 'Virtualization', 'UPES Dehradun', 'Journal', 'IJSRCSAMS Publication', 'July ', 2018, 'ISSN', '2319–1953', NULL, 'UGC Approved', '7', '4', NULL, 'http://www.ijsrcsams.com/images/stories/Past_Issue_Docs/ijsrcsamsv7i4p143.pdf', NULL, 'Published', 'Completed'),
(40001713, 'Exploration in Adaptiveness to Achieve Automated Fault Recovery in Self-healing Software Systems: A Review', 'Geeta Sikka', 'Cybernetics', 'UPES Dehradun', 'Journal', 'IOS Press', 'December', 2018, NULL, NULL, NULL, 'Scopus', NULL, NULL, NULL, NULL, NULL, 'Accepted', 'Completed'),
(40001530, 'Handwritten Bengali Numeral Recognition using HOG Based Feature Extraction Algorithm', 'Hukam Singh Rana and Tanmay Bhowmik', 'Informatics', 'UPES Dehradun', 'Conference', 'IEEE', 'February', 2018, '2018', NULL, '10.1109/SPIN.2018.8474215', 'Scopus', NULL, NULL, NULL, NULL, NULL, 'Published', 'Completed'),
(40001308, 'High Availability and and Accessibility of Services in Cloud Environment', 'Sanjay Tyagi, Pardeep Kumar', 'Virtualization', 'UPES Dehradun', 'Conference', '4th International Conference on Computing Sciences (Feynman 100)', 'August', 2018, NULL, NULL, NULL, 'Scopus', NULL, NULL, NULL, NULL, NULL, 'Accepted', 'Completed'),
(40001623, 'Image Steganalysis of Improvised Algorithms Based on Pixel Difference Pattern and Random Embedding', 'Bhupesh Kumar Dewangan, Anurag Jain, Nitin Arora', 'Systemics', 'UPES Dehradun', 'Journal', 'PRAMANA Research Journal', 'September', 2018, 'ISSN', '2249-2976\n', '16.10089.PRJ.2018.V8I8.18.2035', 'UGC Approved', '8', '9', '147-163', 'https://www.pramanaresearch.org/gallery/prj-p252.pdf_x000D_\n', NULL, 'Published', 'Pending'),
(40001189, 'IMPLEMENTATION OF AURA COLORSPACE VISUALIZER TO DETECT HUMAN BIOFIELD USING IMAGE PROCESSING TECHNIQUE', 'Ajay Prasad, Venkatadri Marriboyina', 'Systemics', 'UPES Dehradun', 'Journal', 'Journal of Engg. Sci and Technology', 'November', 2018, 'ISSN', '1823-4690', NULL, 'Scopus', '14', '2', NULL, 'http://jestec.taylors.edu.my/', NULL, 'Accepted', 'Completed'),
(40001714, 'Implementation of Common Spatial Pattern Algorithm using EEG in BCILAB', 'Bhawna Arora', 'Informatics', 'UPES Dehradun', 'Conference', 'Springer, Singapore', 'October', 2018, NULL, NULL, NULL, 'Scopus', NULL, NULL, NULL, NULL, NULL, 'Accepted', 'Completed'),
(40001517, 'Improved Message Recovery Based Authentication Mechanism for Internet of Things Applications System', 'Durgansh Sharma and Neeraj Chugh', 'Systemics', 'UPES Dehradun', 'Journal', 'IJSRCSAMS', 'November', 2018, 'ISSN', '2319-1953', 'Under publication', 'UGC Approved', 'Pending', 'Pending', 'Pending', 'Pending', NULL, 'Accepted', 'Pending'),
(40001286, 'Introduction to SDN and NFV', 'Misha Hungyo', 'Cybernetics', 'UPES Dehradun', 'Book Chapter', 'IGI Global', NULL, 2018, 'ISBN', '978-1-5225-3640-6', '10.4018/978-1-5225-3460.ch001', 'Scopus', NULL, NULL, NULL, 'https://www.igi-global.com/chapter/introduction-to-sdn-and-nfv/198191', NULL, 'Published', 'Pending'),
(40001287, 'Key detection system ', NULL, 'Informatics', 'UPES Dehradun', 'Patent', 'Patent Journal No.28/2018\n', 'July', 2018, NULL, '201811021240A', NULL, 'Other', NULL, NULL, NULL, NULL, NULL, NULL, 'Completed'),
(40001287, 'Learner Characteristics Based Learning Style Models Classifications and its Implications on Teaching', 'Neelu Jyothi Ahuja, Ninni Singh', 'Systemics', 'UPES Dehradun', 'Jounral', 'Academic Publicationa', 'March', 2018, 'ISSN', '1311-8080', NULL, 'Scopus', '118', '20A', '175-184', 'http://www.acadpubl.eu/hub/2018-118-20/articles/20a/24.pdf', 'Published 1st Page', 'Published', 'Completed'),
(40001198, 'Location and Energy Based Hierarchical_x000D_\nDynamic Key Management Protocol_x000D_\nfor Wireless Sensor Networks', ' J. Dhiviya Rose', 'Computer Application', 'UPES Dehradun', 'Conference', 'Springer Nature Singapore ', 'March', 2018, 'ISSN', '1865-0937', 'https://doi.org/10.1007/978-981-10-8660-1_15', 'Scopus', NULL, NULL, '198–211', 'http://www.springer.com/series/7899', 'Published 1st Page', 'Published', 'Completed'),
(40001287, 'LPG detection ', NULL, 'Informatics', 'UPES Dehradun', 'Patent', 'Patent Journal No.43/2018', 'October', 2018, NULL, '201811038948A', NULL, 'Other', NULL, NULL, NULL, NULL, NULL, NULL, 'Completed'),
(40001310, 'Mobility Management in Constrained Wireless Nodes: A Review', 'Dr. Amit Aggarwal2, and Dr. Kamal Kumar3', 'Cybernetics', 'UPES Dehradun', 'Conference', 'International Conference on Engineering, Technology and Management for Sustainable Development (ICETMSD-2018)', 'October', 2018, NULL, NULL, NULL, 'Scopus', NULL, NULL, NULL, NULL, 'Acceptance', 'Accepted', 'Completed'),
(40001735, 'Multidimensional-Multilayer Outlier Detection Mechanism for RFID-Sensor Integrated MANET Convergent to Internet of Things', 'Neeraj Chugh, Alok Aggarwal, Neelu Jyoti Ahuja', 'Systemics', 'UPES Dehradun', 'Conference', '4th International Conference on Next Generation Computing Technologies (NGCT 2018', 'November', 2018, NULL, NULL, NULL, 'Scopus', NULL, NULL, NULL, NULL, NULL, NULL, 'Completed'),
(40001189, 'Novice Methodology For Detecting The Presence Of Bio-Field', 'Dr. Ajay Prasad, Dr. Venkatadari', 'Systemics', 'UPES Dehradun', 'Journal', 'International Journal of Pure and Applied Mathematics', 'March', 2018, 'ISSN', '1311-8080 (printed version), 1314-3395 (on-line version)', NULL, 'Scopus', '118', '20', '149-154', 'http://www.ijpam.eu', NULL, 'Published', 'Pending'),
(40001287, 'Object identification', NULL, 'Informatics', 'UPES Dehradun', 'Patent', 'Patent Journal No.43/2018', 'October', 2018, NULL, '201811039471A', NULL, 'Other', NULL, NULL, NULL, NULL, NULL, NULL, 'Completed'),
(40001460, 'On Analysis and Discussions of Various Performance Parameters of Omega and Advance Omega Interconnection Network', ' Piyush Chauhan, Nitin', 'Cybernetics', 'UPES Dehradun', 'Conference', '4th International IEEE', 'December', 2018, NULL, NULL, NULL, 'Scopus', NULL, NULL, NULL, NULL, NULL, 'Accepted', 'Completed'),
(40001308, 'Operating System Structures', 'Sanjay Tyagi', 'Virtualization', 'UPES Dehradun', 'Book', 'Directorate of Distance Education, Kurukshetra University, Kurukshetra ', 'August', 2018, NULL, NULL, NULL, 'Other', NULL, NULL, NULL, NULL, NULL, 'Published', 'Completed'),
(40001275, 'Optimized Solution for Employee Transportation Problem using Linear Programming', 'Himanshu Sahu', 'Cybernetics', 'UPES Dehradun', 'Conference', 'Second International Conference on Smart Innovations in Communications and Computational Sciences', 'November', 2018, 'ISBN', '978-981-13-2413-0', '10.1007/978-981-13-2414-7_24', 'Other', NULL, NULL, NULL, 'https://link.springer.com/chapter/10.1007/978-981-13-2414-7_24', NULL, 'Published', 'Pending'),
(40001825, 'Panel Data- Representation and Learning', 'Bonoshree Saikia', 'Informatics', 'UPES Dehradun', 'Book Chapter', 'Springer Verlag', NULL, 2018, NULL, NULL, NULL, NULL, NULL, NULL, NULL, NULL, NULL, NULL, 'Completed'),
(40001714, 'Real Time recognition of malignant skin lesions using ensemble modeling', 'Vikas Kumar', 'Informatics', 'UPES Dehradun', 'Journal', 'Journal of Scientific and Industrial Research', 'October', 2018, 'ISSN', ' 0975-1084 (Online); 0022-4456 (Print)', 'In process', 'SCI', '78', NULL, '148-153', 'http://nopr.niscair.res.in/handle/123456789/45947', NULL, 'Published', 'Published'),
(40001617, 'Resource Scheduling in Cloud: A Comparative Study', 'Amit Agarwal, Venkatadri M, Ashutosh Pasricha', 'Informatics', 'UPES Dehradun', 'Journal', 'IJCSE', 'August', 2018, 'ISSN', '2347-2693', 'https://doi.org/10.26438/ijcse/v6i8.168173', 'UGC Approved', '6', '8', '168-173', 'http://www.ijcseonline.org/pdf_paper_view.php?paper_id=2672&28-IJCSE-04503.pdf_x000D_\n', NULL, 'Published', 'Pending'),
(40001310, 'Rising Security Perils and Its Counter Steps In Internet of Things', 'Gaurav Mishra, Diwakar Kumar, Abhinav Kumar Singh', 'Cybernetics', 'UPES Dehradun', 'Conference', '4th International Conference on Applied and Theoretical Computing and Communication Technology (iCATccT - 2018)', 'September', 2018, NULL, NULL, NULL, 'Scopus', NULL, NULL, NULL, NULL, 'Acceptance', 'Accepted', 'Completed'),
(40001308, 'Scheduling in Cloud Computing Environment using Meta-Heuristic Techniques A Survey', 'Sanjay Tyagi, Pardeep Kumar', 'Virtualization', 'UPES Dehradun', 'Conference', '1st International Conference on Emerging Technology in Modeling and Graphics  (IEM Graph 2018), Springer', 'September', 2018, NULL, NULL, NULL, 'Scopus', NULL, NULL, NULL, NULL, NULL, 'Accepted', 'Completed'),
(40001557, 'Security and Privacy in IoT based E-Business and Retail', 'Dr. Susheela Dahiya', 'Systemics', 'UPES Dehradun', 'Conference', 'IEEE Xplore', 'November', 2018, 'ISBN', '978-1-5386-63-68-4', NULL, 'Scopus', NULL, NULL, NULL, NULL, NULL, NULL, 'Completed'),
(40001825, 'Selection Of Mobile Node Using Game And Graph Theory For Video Streaming Application', NULL, 'Informatics', 'UPES Dehradun', 'Conference', '4th International Conference on Next Generation Computing Technologies', 'November', 2018, NULL, NULL, NULL, 'Scopus', NULL, NULL, NULL, NULL, NULL, 'Accepted', 'Completed'),
(40001617, 'SLA-Aware Autonomic Resource Management based on Time and Cost in Cloud', 'Amit Agarwal, Venkatadri M, Ashutosh Pasricha', 'Informatics', 'UPES Dehradun', 'Conference', '4th International Conference on NGCT 2018', 'November', 2018, NULL, NULL, NULL, 'Scopus', NULL, NULL, NULL, NULL, NULL, NULL, 'Completed'),
(40001310, 'SMART SYSTEMS SECURITY: DETAILED ANALYSIS', 'Kunwar Uday Singh, Anchal Maheshwari, Bhavya', 'Cybernetics', 'UPES Dehradun', 'Conference', 'The international Conference on Computational Intelligence and Data Analytics (ICCIDA-2018)', 'October', 2018, NULL, NULL, NULL, 'Scopus', NULL, NULL, NULL, NULL, 'Acceptance', 'Accepted', 'Pending'),
(40001286, 'Software-Defined Storage', 'Ninni Singh', 'Cybernetics', 'UPES Dehradun', 'Book Chapter', 'IGI Global', NULL, 2018, 'ISBN', '978-1-5225-3640-6', '10.4018/978-1-5225-3460.ch013', 'Scopus', NULL, NULL, NULL, 'https://www.igi-global.com/chapter/software-defined-storage/198203', NULL, 'Published', 'Pending'),
(40001713, 'Something', 'null', 'Informatics', 'null', 'Journal', 'null', 'Feb', 2020, 'ISSN', 'null', 'null', 'SCI', 'null', 'null', 'null', 'null', 'Certificate', 'Submitted', 'Pending'),
(40001713, 'Something2', 'null', 'Informatics', 'null', 'Journal', 'null', 'Feb', 2020, 'ISSN', 'null', 'null', 'SCI', 'null', 'null', 'null', 'null', 'Certificate', 'Submitted', 'Pending'),
(40001524, 'Study of various aproches for VM placement optimization in Data Centers', 'Jyotsna Sengupta, PK Suri', 'Cybernetics', 'Research Scholar, Punjabi University, Patiala', 'Journal', 'International Journal of  Scientific Research in Computer Science Applications and Management Studies', 'November', 2018, 'ISSN', '2319-1953', NULL, 'UGC Approved', '7', '6', NULL, NULL, NULL, 'Accepted', 'Completed'),
(40001530, 'The Components Of Big Data And Knowledge Management Will Change Radically How People Collaborate And Develop Complex Research', 'Ambika Aggarwal, Kalpana Rangra, Ashutosh Bhatt', 'Informatics', 'UPES Dehradun', 'Book Chapter', 'IGI Global', 'November', 2018, NULL, 'EISBN13: 9781522570783', 'DOI: 10.4018/978-1-5225-7077-6.', 'Scopus', NULL, NULL, NULL, NULL, NULL, 'Published', 'Pending'),
(40001511, 'Traffic Management using Logistic Regression with Fuzzy Logic', 'Mridula Singh, Girish Sharma, K.V. Arya', 'Systemics', 'UPES Dehradun', 'Conference', 'Elsevier', NULL, 2018, NULL, NULL, '10.1016/j.procs.2018.05.159', 'Scopus', '132', NULL, '45-460', 'https://www.sciencedirect.com/science/article/pii/S1877050918308937', 'Published 1st Page', 'Published', 'Pending'),
(40001713, 'Try', 'null', 'Informatics', 'null', 'Journal', 'null', 'Feb', 2020, 'ISSN', 'null', 'null', 'SCI', NULL, NULL, 'null', 'null', 'Certificate', 'Submitted', 'Pending'),
(40001713, 'try last', 'null', 'Informatics', 'null', 'Journal', 'null', 'Feb', 2020, 'ISSN', 'null', 'null', 'SCI', NULL, NULL, 'null', 'null', 'Certificate', 'Submitted', 'Pending'),
(40001310, 'User Choice-Based Secure Password Generator using Python', 'Nitin Arora, Ahatsham', 'Cybernetics', 'UPES Dehradun', 'Journal', 'International Journal of Research in Engineering, IT and Social Science', 'August', 2018, 'ISSN', '2250-0588', 'Not Available ', 'UGC Approved', '8', '8', '149-154', 'http://www.indusedu.org/pdfs/IJREISS/IJREISS_2261_22923.pdf', NULL, 'Published', 'Pending'),
(40001272, 'WALKING AID FOR UNEVEN SURFACE DETECTION AND OBSTACLE AVOIDANCE FOR VISUALLY IMPAIRED PERSON ', 'Monit Kapoor', 'Virtualization', 'UPES Dehradun', 'Patent', 'OFFICIAL JOURNAL OF THE PATENT OFFICE ', 'October', 2018, NULL, '201811038118', NULL, 'Other', '2018', '43', '40416', 'http://www.ipindia.nic.in/writereaddata/Portal/IPOJournal/1_2674_1/Part-1.pdf', NULL, 'Published', 'Completed');

-- --------------------------------------------------------

--
-- Table structure for table `journal`
--

CREATE TABLE `journal` (
  `sap_id` int(11) DEFAULT NULL,
  `title` varchar(181) CHARACTER SET utf8 NOT NULL,
  `authors` varchar(319) CHARACTER SET utf8 DEFAULT NULL,
  `department` varchar(14) CHARACTER SET utf8 DEFAULT NULL,
  `affiliation` varchar(13) CHARACTER SET utf8 DEFAULT NULL,
  `journal_name` varchar(112) CHARACTER SET utf8 DEFAULT NULL,
  `publisher` varchar(16) CHARACTER SET utf8 DEFAULT NULL,
  `issn` varchar(36) CHARACTER SET utf8 DEFAULT NULL,
  `indexed` varchar(6) CHARACTER SET utf8 DEFAULT NULL,
  `volume` int(11) DEFAULT NULL,
  `issue` int(11) DEFAULT NULL,
  `page_no` varchar(102) CHARACTER SET utf8 DEFAULT NULL,
  `month` varchar(9) CHARACTER SET utf8 DEFAULT NULL,
  `year` int(11) DEFAULT NULL,
  `url` varchar(223) CHARACTER SET utf8 DEFAULT NULL,
  `doi` varchar(77) CHARACTER SET utf8 DEFAULT NULL,
  `impact` decimal(4,3) DEFAULT NULL,
  `upload` varchar(192) CHARACTER SET utf8 DEFAULT NULL,
  `status` int(11) DEFAULT NULL,
  `remarks` varchar(9) CHARACTER SET utf8 DEFAULT NULL
) ENGINE=InnoDB DEFAULT CHARSET=utf8mb4;

--
-- Dumping data for table `journal`
--

INSERT INTO `journal` (`sap_id`, `title`, `authors`, `department`, `affiliation`, `journal_name`, `publisher`, `issn`, `indexed`, `volume`, `issue`, `page_no`, `month`, `year`, `url`, `doi`, `impact`, `upload`, `status`, `remarks`) VALUES
(40001179, '\"Identification of Influence Propagation Metrics in Social Networks”;', 'Niharika Singh ; Aakash Malik ; Oshin Maini ; Gaurav Rajput', 'Informatics', 'UPES Dehradun', 'ICACTM, IEEE Explore', 'Conference', NULL, 'SCOPUS', 0, NULL, '.', 'April', 2019, 'https://ieeexplore.ieee.org/abstract/document/8776752', '10.1109/ICACTM.2019.8776752', NULL, NULL, NULL, 'Completed'),
(40001878, '3.	Framework for Effective Threat Hunting', 'Dr. Akashdeep Bharwdaj\nDr. Sam Goundar', 'Systemics', 'UPES Dehradun', 'Elsevier Network Secruity Journal', 'Research Article', NULL, 'SCOPUS', 2019, NULL, '15-19', 'June', 2019, 'https://www.sciencedirect.com/journal/network-security/vol/2019/issue/5', '1353-4858/10', NULL, NULL, NULL, 'Pending'),
(NULL, 'A Comparative Study of different types of CNN and highway CNN Techniques', 'Aditya Kakde, Nitin Arora, Durgansh Sharma', 'Informatics', 'UPES Dehradun', 'Global Journal of Engineering Science & Researches', 'Research Article', NULL, 'UGC', 6, NULL, '18-31', 'April', 2019, 'https://zenodo.org/record/2639265#.XVPqn-gzbIU', '10.5281/zenodo.2639265', NULL, NULL, NULL, 'Completed'),
(40000043, 'A critical review on learning disabilities with specific reference to India: Challenges, Research Advances and Government Policies', 'Monika Thapliyal, Neelu Jyothi Ahuja', 'Systemics', 'UPES Dehradun', 'International Journal of Scientific Research in Computer Science Applications and Management Studies (IJSRCSAMS)', 'Research Article', NULL, 'UGC', 7, NULL, '15-20', 'July', 2019, 'http://www.ijsrcsams.com/images/stories/Past_Issue_Docs/ijsrcsamsv7i4p76.pdf', 'http://www.ijsrcsams.com/images/stories/Past_Issue_Docs/ijsrcsamsv7i4p76.pdf', NULL, NULL, NULL, 'Completed'),
(40001714, 'A Gentle Review on Medical Image Processing', 'Sarita\nTanupriya Choudhury\nSaurabh Mukherjee\nAnkur Sharma', 'Informatics', 'UPES Dehradun', 'Journal of Advanced Research in Dynamical and Control Systems', 'Research Article', NULL, 'SCOPUS', 0, NULL, 'VOLUME 11, 04-SPECIAL ISSUE', 'May', 2019, 'http://jardcs.org/archivesview.php?volume=1&issue=8&page=2', 'In process', NULL, NULL, NULL, 'Completed'),
(40001442, 'A graph theoretic approach for modelling tiger corridor network in Central India-Eastern Ghats landscape complex, India', 'Saurabh Shanu\nJobin Idiculla\nQamar Qureshi\nYadvendradev Jhala\nAmit Aggarwal\nPriti Dimri\nSudeepto Bhattacharya', 'Virtualization', 'UPES Dehradun', 'Ecological Informatics', 'Research Article', NULL, 'SCI', 50, NULL, '76-85', 'March', 2019, 'https://www.sciencedirect.com/science/article/pii/S1574954118301444', 'ecoinf.2019.01.002', NULL, NULL, NULL, 'Completed'),
(40001735, 'A Novel and Efficient Reader-to-Reader and Tag-to-Tag Anti-Collision Protocol', 'Adarsh Kumar, Alok Aggarwal, Krishna Gopal', 'Systemics', 'UPES Dehradun', 'IETE Journal of Research', 'Research Article', NULL, 'SCI', 0, NULL, 'NA', NULL, NULL, 'https://www.tandfonline.com/doi/full/10.1080/03772063.2018.1537815', '10.1080/03772063.2018.1537815', NULL, NULL, NULL, 'Pending'),
(40001524, 'A Novel Approach of Virtual Machine Consolidation for Energy Efficiency and Reducing Sla Violation in Data Centers', 'Pardeep Singh\nJyotsna Sengupta\nP.K. Suri', 'Cybernetics', 'UPES Dehradun', 'International Journal of Innovative Technology and Exploring Engineering', 'Research Article', NULL, 'SCOPUS', 8, NULL, '547-555', 'March', 2019, 'https://www.ijitee.org/wp-content/uploads/papers/v8i5/E3210038519.pdf', 'ISSN: 22783075', NULL, NULL, NULL, 'Completed'),
(40001928, 'A Novel Architecture for Predicting Pneumonia Patients by using LSTM, GRU and CNN', 'Nitin Arora\nAnupam Singh\nAhatsham\nVivek Lokchand Shahare', 'Informatics', 'UPES Dehradun', 'IJEAT', 'Research Article', '22498958', 'SCOPUS', 9, NULL, '4120-4126', 'October', 2019, 'https://www.ijeat.org/wp-content/uploads/papers/v9i1/A1353109119.pdf', '10.35940/ijeat.A1353.109119', NULL, 'https://www.jotform.com/uploads/rnd.upes/80721110279449/4482271679653383587/Publication Certificate_IJEAT_A1353109119 (1).pdf', NULL, 'Pending'),
(40001785, 'A Penalty Method Based-Spring Design optimization Using Bio-inspired Computation Approach', 'Bhargava, D.,  University of Petroleum and Energy Studies, Dehradun, India\n\nIgiri, C.P.,  Singh, Y.\nAmity University, Rajasthan, India\n', 'Virtualization', 'UPES Dehradun', 'Proceedings - 2019 Amity International Conference on Artificial Intelligence, AICAI 2019', 'Conference', NULL, 'SCOPUS', 8701248, NULL, '183-187', 'April', 2019, 'https://www.scopus.com/record/display.uri?eid=2-s2.0-85065610664&origin=resultslist&sort=plfdt-f&listId=4179132&src=s&imp=t&sid=05f2fccd8f3c589d33ebdf7fe25ffadf&sot=sl&sdt=sl&sl=0&relpos=2&citeCnt=0&searchTerm=', '10.1109/AICAI.2019.8701248', NULL, NULL, NULL, 'Completed'),
(40001617, 'A Self-Optimization Based Virtual Machine  Scheduling to Workloads in Cloud Computing  Environment', 'Bhupesh Kumar Dewangan \nAmit Agarwal \nVenkatadri M\nAshutosh Pasricha', 'Informatics', 'UPES Dehradun', 'IJEAT', 'Research Article', NULL, 'SCOPUS', 8, NULL, '91-96', 'March', 2019, 'https://www.ijeat.org/download/volume-8-issue-4c/', 'https://www.ijeat.org/download/volume-8-issue-4c/', NULL, NULL, NULL, 'Pending'),
(NULL, 'Achieving Security in Medical Scanned Images using Extended Image Steganography', 'Nitin Arora, Ahatsham, Kamal Preet Singh', 'Informatics', 'UPES Dehradun', 'International Journal of Research and Analytical Reviews', 'Research Article', NULL, 'UGC', 5, NULL, '362-364', NULL, NULL, 'http://ijrar.com/upload_issue/ijrar_issue_1649.pdf', 'http://doi.one/10.1729/Journal.19053', NULL, NULL, NULL, 'Pending'),
(40000987, 'Air Pollution Level Prediction System', 'Rajeev Tiwari, Shuchi Upadhyay, Parv Singhal, Ujla Garg, Shefali Bisht', 'Virtualization', 'UPES Dehradun', 'International Journal of Innovative Technology and Exploring Engineering (IJITEE) ,ISSN: 2278-3075', 'Research Article', NULL, 'SCOPUS', 0, NULL, '1-8', 'April', 2019, 'https://www.ijitee.org/wp-content/uploads/papers/v8i6c/F12100486C19.pdf', 'F12100486C19/19©BEIESP', NULL, NULL, NULL, 'Pending'),
(40001058, 'Air Quality Prediction using Artificial Neural Networks', 'Jagdish Chandra Patni ; Hitesh Kumar Sharma', 'Virtualization', 'UPES Dehradun', 'IEEE', 'Conference', NULL, 'SCOPUS', 9, NULL, '568-572', 'July', 2019, 'https://ieeexplore.ieee.org/document/8776774', '10.1109/ICACTM.2019.8776774', NULL, NULL, NULL, 'Pending'),
(40001287, 'Am-Multiplication: A Novel Multiplication Algorithm Based Binary Multiplexer', 'Amit Verma\nDr. Manish Prateek', 'Informatics', 'UPES Dehradun', 'International Journal of Recent Technology and Engineering, india', 'Research Article', '2277-3878', 'SCOPUS', 7, NULL, '772-778', 'March', 2019, 'https://www.ijrte.org/download/volume-7-issue-6/ Am-Multiplication: A Novel Multiplication Algorithm Based Binary Multiplexer', 'F2410037619/19', NULL, 'https://www.jotform.com/uploads/rnd.upes/80721110279449/4482236139655170724/Am-Multiplication A Novel Multiplication Algorithm Based Binary Multiplexer.pdf', NULL, 'Completed'),
(40001641, 'An Analysis in Tissue Classification for Colorectal Cancer Histology Using Convolution Neural Network and Colour Models', 'shamik tiwari', 'Virtualization', 'UPES Dehradun', 'International Journal of Information System Modeling and Design (IJISMD)', 'Research Article', NULL, 'SCOPUS', 0, NULL, '1-19', 'November', 2018, 'https://www.igi-global.com/article/an-analysis-in-tissue-classification-for-colorectal-cancer-histology-using-convolution-neural-network-and-colour-models/220454', '10.4018/IJISMD.2018100101', NULL, 'https://www.jotform.com/uploads/rnd.upes/80721110279449/4308677556698208108/19', NULL, 'Completed'),
(40001684, 'An Approach towards Real Time Smart Vehicular System Using Internet of Things', '1) Ahatsham\n2) Nitin Arora\n3) Kamal Preet Singh', 'Informatics', 'UPES Dehradun', 'International Journal of Research in Engineering, IT and Social Sciences', 'Research Article', NULL, 'UGC', 8, NULL, '52-56', NULL, 2018, 'http://indusedu.org/pdfs/IJREISS/IJREISS_2296_55184.pdf', 'http://indusedu.org/pdfs/IJREISS/IJREISS_2296_55184.pdf', NULL, NULL, NULL, 'Completed'),
(40001100, 'An Efficient Algorithm for Detecting and Measure the Properties of Pothole', 'Amitava Choudhury\nRohit Ramchandani\nMohammad Shamoon\nAnkit Khare\nKeshav Kaushik', 'Cybernetics', 'UPES Dehradun', 'Emerging Technology in Modelling and Graphics. Advances in Intelligent Systems and Computing', 'Conference', NULL, 'SCOPUS', 937, NULL, '447-457', 'July', 2019, 'https://link.springer.com/chapter/10.1007/978-981-13-7403-6_40#citeas', 'https://doi.org/10.1007/978-981-13-7403-6_40', NULL, NULL, NULL, 'Pending'),
(40001898, 'An Efficient Inverter Logic in Quantum-Dot Cellular Automata for Emerging Nanocircuits', 'Mrinal Goswami, Mayukh Roychoudhury, Joydeb Sarkar, Bibhash Sen and Biplab K. Sikdar', 'Systemics', 'UPES Dehradun', 'Arabian Journal for Science and Engineering', 'Research Article', '2191-4281', 'SCI', 0, NULL, '1-12', 'September', 2019, 'https://link.springer.com/article/10.1007/s13369-019-04103-2', '10.1007/s13369-019-04103-2', '1.518', 'https://www.jotform.com/uploads/rnd.upes/80721110279449/4473071537716639112/10.1007_s13369-019-04103-2.pdf', NULL, 'Completed'),
(40001819, 'An Efficient Memory Utilization for Path Construction of a de Bruijn Graph', 'VIVEK SHAHARE\nAHATSHAM\nNITIN ARORA\nNIDHI MOUJE', 'Informatics', 'UPES Dehradun', 'Journal Advanced Science, Engineering and Medicine', 'Research Article', '2164-6627', 'SCOPUS', 0, NULL, '-', 'November', 2019, 'Accepted but Not yet Publish', 'Accepted but Not yet Publish', NULL, 'https://www.jotform.com/uploads/rnd.upes/80721110279449/4483173623415112294/Bioinformatics.pdf', NULL, 'Completed'),
(40001735, 'An Efficient Simulated Annealing based Constrained Optimization Approach for Outlier Detection Mechanism in RFID-Sensor Integrated MANET', 'Adarsh Kumar and Alok Aggarwal', 'Systemics', 'UPES Dehradun', '-International Journal of Computer Information Systems and Industrial Management', 'Research Article', NULL, 'SCOPUS', 11, NULL, '1', 'May', 2019, 'http://www.mirlabs.org/ijcisim/regular_papers_2019/IJCISIM_6.pdf', 'NA', NULL, NULL, NULL, 'Completed'),
(40001684, 'An Efficient System for Early Diagnosis of Breast Cancer using Support Vector Machine', 'Ahatsham\nAnupam Singh\nVivek Shahare\nNitin Arora', 'Informatics', 'UPES Dehradun', 'International Journal of Engineering and Advanced Technology', 'Research Article', '2249-8958', 'SCOPUS', 9, NULL, '7029-7035', 'November', 2019, 'https://www.ijeat.org/wp-content/uploads/papers/v9i1/A1626109119.pdf', '10.35940/ijeat.A1626.109119', NULL, 'https://www.jotform.com/uploads/rnd.upes/80721110279449/4483253544799570264/A1626109119.pdf', NULL, 'Pending'),
(40001785, 'An Improved African Buffalo Optimization Algorithm using Chaotic Map and Chaotic-Levy flight', 'Deepshikha Bhargava\nChinwe Peace Igiri\nYudhveer Singh', 'Virtualization', 'UPES Dehradun', 'International Journal of Engineering & Technology', 'Research Article', NULL, 'SCOPUS', 0, NULL, '4570-4576', NULL, NULL, 'https://www.sciencepubco.com/index.php/ijet/article/view/22726/13263', '10.14419/ijet.v7i4.22726', NULL, NULL, NULL, 'Pending'),
(40001735, 'An Improved Outlier Detection Mechanism for Hierarchical Key Management in Hierarchical Mobile Ad-hoc Networks (MANETs)', 'Neeraj Chugh, Saurabh Jain, Adarsh Kumar, Alok Aggarwal, Neelu Jyoti Ahuja', 'Systemics', 'UPES Dehradun', 'International Journal of Recent Technology and Engineering (IJRTE)', 'Research Article', NULL, 'SCOPUS', 8, NULL, NULL, 'August', 2019, 'https://www.ijrte.org/archive/', 'NA', NULL, NULL, NULL, 'Pending'),
(40001714, 'An Improved Vehicle Parking Mechanism to Reduce Parking Space Searching Time Using Firefly Algorithm and Feed Forward Back Propagation Method', 'Ruby Singh, Chiranjit Dutta, Niraj Singhal and\nTanupriya Choudhury\n', 'Informatics', 'UPES Dehradun', 'https://www.journals.elsevier.com/procedia-computer-science', 'Research Article', NULL, 'SCOPUS', 0, NULL, 'N.A', 'November', 2019, 'Accepted', 'In process', NULL, NULL, NULL, 'Completed'),
(40000043, 'An Instructive Framework of Intelligent Tutoring System for Learning Disability', 'Akanksha Bisht, Anuraj Malav, Neelu Jyothi Ahuja', 'Systemics', 'UPES Dehradun', 'International Journal of Recent Technology and Engineering (IJRTE)', 'Research Article', NULL, 'SCOPUS', 7, NULL, '60-66', 'April', 2019, 'https://www.ijrte.org/wp-content/uploads/papers/v7i6C/F90310476C19.pdf', 'https://www.ijrte.org/wp-content/uploads/papers/v7i6C/F90310476C19.pdf', NULL, NULL, NULL, 'Completed'),
(40001799, 'An Optimized Approach for Secure Data Transmission Using Spread Spectrum Audio Steganography, Chaos Theory, and Social Impact Theory Optimizer', 'Rohit Tanwar, Kulvinder Singh, Mazdak Zamani, Amit Verma, and Prashant Kumar', 'Systemics', 'UPES Dehradun', 'Journal of Computer Networks and Communications', 'Research Article', '2090-715X', 'SCOPUS', 2019, NULL, '1', 'September', 2019, 'https://www.hindawi.com/journals/jcnc/2019/5124364/', '10.1155/2019/5124364', NULL, 'https://www.jotform.com/uploads/rnd.upes/80721110279449/4472988791219110236/5124364 Hindawi JCN.pdf', NULL, 'Completed'),
(40001617, 'Analysis of cardiovascular diseases using artificial neural network', 'Bhupesh Kumar Dewangan \nJyotismita Talukdar \n', 'Informatics', 'UPES Dehradun', 'IEEEXplore', 'Conference', NULL, 'SCOPUS', 0, NULL, '132-137', 'June', 2019, 'https://ieeexplore.ieee.org/document/8745900', '10.1109/PDGC.2018.8745900', NULL, NULL, NULL, 'Pending'),
(40000043, 'Analysis of Various Light Weight Protocols in Internet of Things-A Comparative Study', 'Ankit Khare, Rashmi Sharma, Neelu Jyoti Ahuja', 'Systemics', 'UPES Dehradun', 'International Journal of Innovative Technology and Exploring Engineering (IJITEE)', 'Research Article', NULL, 'SCOPUS', 8, NULL, '138-143', 'April', 2019, 'https://www.ijitee.org/wp-content/uploads/papers/v8i6c/F12320486C19.pdf', 'https://www.ijitee.org/wp-content/uploads/papers/v8i6c/F12320486C19.pdf', NULL, NULL, NULL, 'Completed'),
(40001082, 'AREOR–Adaptive ranking based energy efficient opportunistic routing scheme in Wireless Sensor Network', 'PremkumarChithaluru\nRajeevTiwari\nKamalKumar', 'Systemics', 'UPES Dehradun', 'COMNET', 'Research Article', NULL, 'SCI', 162, NULL, '1-13', 'October', 2019, 'https://www.sciencedirect.com/science/article/pii/S138912861930430X', 'https://doi.org/10.1016/j.comnet.2019.106863', NULL, NULL, NULL, 'Completed'),
(40000043, 'Assessment of Learning Style of Learner using I2A2 Learning Style Model', 'Amit Kumar, Neelu Jyothi Ahuja ', 'Systemics', 'UPES Dehradun', 'International Journal of Innovative Technology and Exploring Engineering (IJITEE)', 'Research Article', NULL, 'SCOPUS', 8, NULL, '154-159', 'April', 2019, 'https://www.ijitee.org/wp-content/uploads/papers/v8i6c/F12350486C19.pdf', 'https://www.ijitee.org/wp-content/uploads/papers/v8i6c/F12350486C19.pdf', NULL, NULL, NULL, 'Pending'),
(NULL, 'Automated Optimum Route Generator and Data Analyzer', 'Nitin Arora, Somansh Garg, Varad Sant and Rohit Goyal', 'Informatics', 'UPES Dehradun', 'International Journal of Computer Applications', 'Research Article', NULL, 'UGC', 181, NULL, '17-21', 'April', 2019, 'https://www.ijcaonline.org/archives/volume181/number48/30479-2019918654', '10.5120/ijca2019918654', NULL, NULL, NULL, 'Pending'),
(40000987, 'Automated Parking System-Cloud and IoT based Technique', 'Rajeev Tiwari,\nHitesh Sharma', 'Virtualization', 'UPES Dehradun', 'International Journal of Engineering and Advanced Technology (IJEAT), , ISSN: 2249-8958,', 'Research Article', NULL, 'SCOPUS', 8, NULL, '116-123', 'April', 2019, '1.	https://www.ijeat.org/wp-content/uploads/papers/v8i4c/D24310484C19.pdf', 'D24310484C1919©BEIESP', NULL, NULL, NULL, 'Pending'),
(40000987, 'AUTOMATION AND DETAILED ANALYSIS OF SUBNETTING PROBLEMS USING MATHEMATICAL MODELING', '1Deepank Dixit, 2Gautam Kumar, 3Rajeev Tiwari, 4Abhineet Anand', 'Virtualization', 'UPES Dehradun', 'International Journal of Pure and Applied Mathematics', 'Research Article', NULL, 'SCOPUS', 0, NULL, '807-814', 'August', 2018, 'https://acadpubl.eu/jsi/2018-118-20/articles/20b/20.pdf', 'https://acadpubl.eu/jsi/2018-118-20/articles/20b/20.pdf', NULL, NULL, NULL, 'Pending'),
(40001617, 'Autonomic Cloud Resource Management', 'Bhupesh Kumar Dewangan\nAmit Agarwal\nVenkatadri M\nAshutosh Pasricha', 'Informatics', 'UPES Dehradun', 'IEEEXplore', 'Conference', NULL, 'SCOPUS', 0, NULL, '138-143', 'June', 2019, 'https://ieeexplore.ieee.org/document/8745977', '10.1109/PDGC.2018.8745977', NULL, NULL, NULL, 'Completed'),
(40001641, 'Blur Classification Using Segmentation Based Fractal Texture Analysis', 'shamik tiwari', 'Virtualization', 'UPES Dehradun', 'Indonesian Journal of Electrical Engineering and Informatics (IJEEI)', 'Research Article', NULL, 'SCOPUS', 6, NULL, '373-384', 'December', 2018, 'http://section.iaesonline.com/index.php/IJEEI/article/view/463', '10.11591/ijeei.v6i4.463', NULL, NULL, NULL, 'Pending'),
(40001326, 'Bug Model Based Intelligent Recommender System with Exclusive Curriculum Sequencing for Learner-Centric Tutoring', 'Ninni Singh\nNeelu Jyothi Ahuja', 'Informatics', 'UPES Dehradun', 'International Journal of Web-Based Learning and Teaching Technologies (IJWLTT)', 'Research Article', '1548-1093', 'SCOPUS', 14, NULL, NULL, 'September', 2019, 'https://www.igi-global.com/article/bug-model-based-intelligent-recommender-system-with-exclusive-curriculum-sequencing-for-learner-centric-tutoring/234369', '10.4018/IJWLTT.2019100101', NULL, 'https://www.jotform.com/uploads/rnd.upes/80721110279449/4474854544768389095/Bug-Model-Based-Intelligent-Recommender-System-with-Exclusive-Curriculum-Sequencing-for-Learner-Centric-Tutoring.pdf', NULL, 'Pending'),
(40001714, 'Chronic Kidney Disease using Fuzzy C-Means Clustering Analysis', 'Tanupriya Choudhury\nA Sai Sabitha\nArchit Aggarwal', 'Informatics', 'UPES Dehradun', 'IJBAN: Volume 6, Issue 3, Article 4. Special Issue Submission: Big Data and Computational Intelligence', 'Research Article', NULL, 'SCOPUS', 0, NULL, 'IJBAN: Volume 6, Issue 3, Article 4. Special Issue Submission: Big Data and Computational Intelligence', 'March', 2019, 'Accepted', 'In process', NULL, NULL, NULL, 'Pending'),
(40000043, 'Cloud Computing in Libraries and Higher Education: An Innovative User-Centric Quality of Service Model', 'Jolly Upadhyaya, Neelu Jyoti Ahuja, Kapil Dev Sharma ', 'Systemics', 'UPES Dehradun', 'International Journal of Innovative Technology and Exploring Engineering (IJITEE)', 'Research Article', NULL, 'SCOPUS', 8, NULL, '160-165', 'April', 2019, 'https://www.ijitee.org/wp-content/uploads/papers/v8i6c/F12360486C19.pdf', 'https://www.ijitee.org/wp-content/uploads/papers/v8i6c/F12360486C19.pdf', NULL, NULL, NULL, 'Pending'),
(40001189, 'Comparison and performance evaluation of human bio-field visualization algorithm', 'Gunjan Chhabra, \nAjay Prasad,\nVenkatadri Marriboyina', 'Systemics', 'UPES Dehradun', 'Archives of Physiology and Biochemistry', 'Research Article', '1381-3455 (Print) 1744-4160 (Online)', 'SCI', 125, NULL, '1-12', 'November', 2019, 'https://www.tandfonline.com/doi/full/10.1080/13813455.2019.1680699', '10.1080/13813455.2019.1680699', '2.110', 'https://www.jotform.com/uploads/rnd.upes/80721110279449/4506447944795710981/11_18_2019_Comparison.pdf', NULL, 'Completed'),
(40001530, 'Computer vision approach for phase identification from steel microstructure', 'Amitava Choudhury\nRuchira Naskar\nSnehanshu Pal\nAmitava Basu mallick', 'Informatics', 'UPES Dehradun', 'Engineering Computations', 'Research Article', NULL, 'SCI', 36, NULL, '1913-1933', 'July', 2019, 'https://www.emerald.com/insight/content/doi/10.1108/EC-11-2018-0498/full/html', 'https://doi.org/10.1108/EC-11-2018-0498', NULL, NULL, NULL, 'Pending'),
(40001308, 'Crow Search based Load Balancing Optimization Technique in Cloud Computing Environment', 'Harvinder Singh, Sanjay Tyagi, Pardeep Kumar', 'Virtualization', 'UPES Dehradun', 'International Journal of Innovative Technology and Exploring Engineering (IJITEE)', 'Research Article', NULL, 'SCOPUS', 8, NULL, '1058-1064', 'July', 2019, 'https://www.ijitee.org/wp-content/uploads/papers/v8i9/I7787078919.pdf', 'https://www.ijitee.org/wp-content/uploads/papers/v8i9/I7787078919.pdf', NULL, NULL, NULL, 'Completed'),
(40001878, 'Cyber security attacks on robotic platforms', '1. Dr. Akashdeep Bhardwaj\n2. Dr. Sam Goundar\n3. Dr. Vinay Avasthi\n', 'Systemics', 'UPES Dehradun', 'Elsevier Network Secruity Journal', 'Research Article', '1353-4858', 'SCOPUS', 2019, NULL, '13-19', 'October', 2019, 'https://www.sciencedirect.com/science/article/pii/S1353485819301229', '10.1016/S1353-4858(19)30122-9', NULL, 'https://www.jotform.com/uploads/rnd.upes/80721110279449/4472729219659312225/Published Paper#22 Elsevier Network Security - Cybersecurity Attacks on Robotic Platforms.pdf', NULL, 'Completed'),
(40001612, 'Data security measures using hybrid encryption technique', 'Mr. Ankit Vishnoi\nDr. Durgansh Sharma\nDr. Manish Prateek', 'Cybernetics', 'UPES Dehradun', 'IJITEE', 'Research Article', '2278-3075', 'SCOPUS', 8, NULL, '323-325', 'August', 2019, 'https://www.ijitee.org/wp-content/uploads/papers/v8i10S/J105808810S19.pdf', '2278-3075', NULL, 'https://www.jotform.com/uploads/rnd.upes/80721110279449/4475522569653211571/J105808810S19.pdf', NULL, 'Completed'),
(40001765, 'Depth matrix and adaptive Bayes classifier based dynamic hand gesture recognition', 'Lalit Kane, Pritee Khanna', 'Virtualization', 'UPES Dehradun', 'Pattern Recognition Letters', 'Research Article', NULL, 'SCI', 120, NULL, '24-30', 'January', 2019, 'https://www.sciencedirect.com/science/article/abs/pii/S0167865519300042', 'https://doi.org/10.1016/j.patrec.2019.01.003', NULL, NULL, NULL, 'Pending'),
(40001617, 'Design of Self-Management Aware Autonomic Resource Scheduling Scheme in Cloud', 'Bhupesh Kumar Dewangan\nAmit Agarwal\nVenkatadri M\nAshutosh Pasricha', 'Informatics', 'UPES Dehradun', 'International Journal of Computer Information Systems and Industrial Management Applications', 'Research Article', NULL, 'SCOPUS', 11, NULL, '170-177', 'July', 2019, 'http://www.mirlabs.net/ijcisim/volume_11.html', 'http://www.mirlabs.net/ijcisim/volume_11.html', NULL, NULL, NULL, 'Completed'),
(40001785, 'Designing an Expert System for Online Shopping Cart Management', 'Bhargava, D.\nMishra, P.\nMishra, A.\n\nUniversity of Petroleum and Energy Studies, Dehradun, India', 'Virtualization', 'UPES Dehradun', 'Proceedings - 2019 Amity International Conference on Artificial Intelligence, AICAI 2019', 'Conference', NULL, 'SCOPUS', 8701264, NULL, '235-238', 'April', 2019, 'https://www.scopus.com/record/display.uri?eid=2-s2.0-85065614355&origin=resultslist&sort=plfdt-f&listId=4179132&src=s&imp=t&sid=05f2fccd8f3c589d33ebdf7fe25ffadf&sot=sl&sdt=sl&sl=0&relpos=1&citeCnt=0&searchTerm=', '10.1109/AICAI.2019.8701306', NULL, NULL, NULL, 'Pending'),
(40001714, 'DMAPS: An Effective and Efficient Way for the Air Purification of the Outdoors', 'Tanupriya Choudhury\nPranavi Vashishtha\n', 'Informatics', 'UPES Dehradun', 'https://www.journals.elsevier.com/procedia-computer-science', 'Research Article', NULL, 'SCOPUS', 0, NULL, 'N.A', 'November', 2019, 'https://www.journals.elsevier.com/procedia-computer-science', 'In process', NULL, NULL, NULL, 'Pending'),
(40001179, 'DNA Sequence Alignment using Dynamic Programming', 'Niharika Singh ; Gaurav rajput, Yash Dixit, Aastha Sehghal', 'Informatics', 'UPES Dehradun', 'ICICC 2019, Springer AISC', 'Conference', NULL, 'SCOPUS', 0, NULL, '.', 'June', 2019, '.', '.', NULL, NULL, NULL, 'Pending'),
(40001567, 'Document title	Authors	Year	Source	Cited by Challenges of information security in the contemporary cyber threat perception', 'Tripti Misra\nDr. Kingshuk Srivastava\nProf. Rajeshwari', 'Systemics', 'UPES Dehradun', 'International Journal of Innovative Technology and Exploring Engineering', 'Review Article', '2278-3075', 'SCOPUS', 0, NULL, 'Issue 10S', 'August', 2019, 'https://www.ijitee.org/wp-content/uploads/papers/v8i10S/J106008810S19.pdf', '10.35940/ijitee.J1060.08810S19', NULL, 'https://www.jotform.com/uploads/rnd.upes/80721110279449/4476394959654897303/Paper60.pdf', NULL, 'Pending'),
(40001714, 'E-Commerce Delivery Routing System Using Bellman-Held-Karp Algorithm', 'Sugandh Agarwal, Naman Jain, Tanupriya Choudhury, Utkarsh Vikram Singh and Ravi Tomar', 'Informatics', 'UPES Dehradun', 'Springer', 'Research Article', NULL, 'SCOPUS', 0, NULL, NULL, 'October', 2019, 'Accepted and presented', 'In process', NULL, NULL, NULL, 'Completed'),
(40001545, 'EARMGA and Apriori Algorithm Performance Evaluation for Association Rule Mining', 'Sandeep Pratap Singh & Dharani Kumar Talapula(Department of Virtualization,SoCS)', 'Virtualization', 'UPES Dehradun', 'IJEAT', 'Research Article', '22498958', 'SCOPUS', 0, NULL, '6982-6987', 'October', 2019, 'https://www.ijeat.org/wp-content/uploads/papers/v9i1/A2144109119.pdf', '10.35940/ijeat.A2144.109119', NULL, 'https://www.jotform.com/uploads/rnd.upes/80721110279449/4486568494792505141/A2144109119.pdf', NULL, 'Pending'),
(40001533, 'Effect of knowledge management on software product experience with mediating effect of perceived software process improvement: An empirical study for Indian software industry', '1. Mitali Chugh, School of Computer Science, The University of Petroleum & Energy Studies, India.\n 2.Nitin Chanderwal, Indian Institute of Management (IIM) Shillong, India\n3. Rajesh Upadhyay, Department of Management, College of Engineering Roorkee, India\n4. Devendra Kumar Punia\nManagement Development Institute, India', 'Applications', 'UPES Dehradun', 'Journal of Information Science', 'Research Article', NULL, 'SCI', 0, NULL, 'published online', NULL, NULL, 'https://journals.sagepub.com/eprint/ribM8PICvdrBpPKtPUY9/full', 'https://doi.org/10.1177/0165551519833610', NULL, NULL, NULL, 'Pending'),
(40001714, 'Effective E-Healthcare System- Cache Invalidation Mechanisms for Wireless Data Access in Mobile Cloud Computing (010218-092911)', 'Harshit Sinha\nTanupriya Choudhury\nPraveen Kumar\nGaurav Raj\n', 'Informatics', 'UPES Dehradun', 'International Journal of Big Data and Analytics in Healthcare Volume 3 • Issue 2 • July-December 2018', 'Research Article', NULL, 'UGC', 0, NULL, 'IJBDAH: Volume 3, Issue 2, Article 2', 'January', 2019, 'https://www.igi-global.com/article/effective-e-healthcare-system/223164', 'DOI: 10.4018/IJBDAH.2018070102', NULL, NULL, NULL, 'Completed'),
(NULL, 'Efficient Image Retrieval through Hybrid Feature Set and Neural Network', 'Nitin Arora, Alaknanda Ashok, Shamik Tiwari', 'Informatics', 'UPES Dehradun', 'International Journal of Image, Graphics and Signal Processing', 'Research Article', NULL, 'SCOPUS', 11, NULL, '44-53', 'January', 2019, 'http://www.mecs-press.org/ijigsp/ijigsp-v11-n1/IJIGSP-V11-N1-5.pdf', '10.5815/ijigsp.2019.01.05', NULL, NULL, NULL, 'Pending'),
(NULL, 'Efficiently Data Management using modified B-Tree Algorithm', 'Nitin Arora, Nikhil Srivastava, Sai Sagar Peri, Sumit Kumar, Alaknanda Ashok', 'Informatics', 'UPES Dehradun', 'Global Journal of Engineering Science & Researches', 'Research Article', NULL, 'UGC', 6, NULL, '158-163', 'January', 2019, 'http://www.gjesr.com/Issues%20PDF/Archive-2019/January-2019/15.pdf', '10.5281/zenodo.2548927', NULL, NULL, NULL, 'Completed'),
(40001326, 'Empirical Analysis of Explicating the Tacit Knowledge Background, Challenges and Experimental findings', 'Ninni Singh\nNeelu Jyothi Ahuja', 'Informatics', 'UPES Dehradun', 'International Journal of Innovative Technology and Exploring Engineering', 'Research Article', NULL, 'SCOPUS', 8, NULL, '4559-4568', 'August', 2019, 'https://www.ijitee.org/wp-content/uploads/papers/v8i10/J98500881019.pdf', '10.35940/ijitee.J9850.0881019', NULL, NULL, NULL, 'Completed'),
(40001617, 'Energy-Aware Autonomic Resource Scheduling Framework for Cloud', 'Bhupesh Kumar Dewangan\nAmit Agarwal\nVenkatadari M\nAshutosh Pasricha', 'Informatics', 'UPES Dehradun', 'International Journal of Mathematical, Engineering and Management Sciences', 'Research Article', NULL, 'SCOPUS', 4, NULL, '41-55', NULL, NULL, 'http://www.ijmems.in/assets/4-ijmems-18-234-vol.-4%2c-no.-1%2c-41%e2%80%9355%2c-2019.pdf', 'https://doi.org/10.26438/ijmems', NULL, NULL, NULL, 'Completed'),
(40001281, 'Energy-Efficient Clustering with Multiple Sink (Eecms) in Wireless Body Area Network', 'Juhi Agrawal, Shelly and Dr. Monit Kapoor', 'Informatics', 'UPES Dehradun', 'International Journal of Innovative Technology and Exploring Engineering (IJITEE)', 'Research Article', '2278-3075', 'SCOPUS', 8, NULL, '2363-2370', 'October', 2019, 'https://www.ijitee.org/wp-content/uploads/papers/v8i12/L34031081219.pdf', '10.35940/ijitee.L3403.1081219', NULL, 'https://www.jotform.com/uploads/rnd.upes/80721110279449/4486501254791848082/L34031081219 (1).pdf', NULL, 'Pending'),
(40001517, 'Enhanced secure transmission of data in WBAN with predictive model for health care applications', 'Sumit Kumar*, Anurag Singh Tomar, Sandip K. Chaurasiya', 'Systemics', 'UPES Dehradun', 'Intelligent Decision Technologies', 'Research Article', NULL, 'SCOPUS', 0, NULL, '1-8', 'March', 2019, 'https://content.iospress.com/articles/intelligent-decision-technologies/idt170182', '10.3233/IDT-170182', NULL, NULL, NULL, 'Pending'),
(40000043, 'Evaluating User Expectations and Quality of Service: A Novel Approach to Understanding Cloud Services', 'Jolly Upadhyaya, Neelu Jyothi Ahuja, Kapil Dev Sharma', 'Systemics', 'UPES Dehradun', 'International Journal of Recent Technology and Engineering (IJRTE)', 'Research Article', NULL, 'SCOPUS', 7, NULL, '382-385', 'January', 2019, 'https://www.ijrte.org/wp-content/uploads/papers/v7i5s2/ES2069017519.pdf', 'ES206 9017519/19©BEIESP', NULL, NULL, NULL, 'Completed'),
(40001616, 'Evolution of Computing-Mainframe to Cloud: A Systematic Study', 'Anurag Jain\nBhupesh Kumar Dewangan\nNitin Arora\nPrashant Rawat\nRajneesh Kumar', 'Virtualization', 'UPES Dehradun', 'International Journal of Scientific Research in Computer Science Applications and Management Studies', 'Review Paper', NULL, 'UGC', 7, NULL, '1-6', NULL, NULL, 'http://www.ijsrcsams.com/images/stories/Past_Issue_Docs/ijsrcsamsv7i4p143.pdf', '2319-1953', NULL, NULL, NULL, 'Completed'),
(40001713, 'Exploration in adaptiveness to achieve automated fault recovery in self-healing software systems: A review', 'Pushpendra Kumar Rajput and Geeta Sikkaa', 'Cybernetics', 'UPES Dehradun', 'Intelligent Decision Technologies', 'Research Article', '1875-8843', 'SCOPUS', 13, NULL, '329-341', 'September', 2019, 'https://content.iospress.com/articles/intelligent-decision-technologies/idt180114', '10.3233/IDT-180114', NULL, 'https://www.jotform.com/uploads/rnd.upes/80721110279449/4484333928911434195/idt-13-idt180114.pdf', NULL, 'Pending'),
(NULL, 'Facial Recognition System for Class Room Attendance using Convolutional Neural Network Technique', 'Nitin Arora, Prashant Rawat, Bhupesh Kumar Dewangan, Anurag Jain', 'Informatics', 'UPES Dehradun', '” International Journal of Research in Engineering, IT and Social Science', 'Research Article', NULL, 'UGC', 8, NULL, '39-42', NULL, NULL, 'http://indusedu.org/pdfs/IJREISS/IJREISS_2261_22923.pdf', 'http://indusedu.org/pdfs/IJREISS/IJREISS_2261_22923.pdf', NULL, NULL, NULL, 'Completed'),
(40001878, 'Framework to Define the Relationship between Cyber Security and Cloud Performanc', 'Dr. Akashdeep Bhardwaj,\nUniversity of Petroleum and Energy Studies, Dehradun, India\nDr. Sam Goundar\nThe University of the South Pacific, Suva, Fiji Islands', 'Systemics', 'UPES Dehradun', 'Elsevier Computer Fraud & Security', 'Research Article', NULL, 'SCOPUS', 2019, NULL, '12', NULL, NULL, 'https://www.sciencedirect.com/science/article/pii/S136137231930020X', 'https://doi.org/10.1016/S1361-3723(19)30020-X', NULL, NULL, NULL, 'Pending'),
(40001189, 'Future Trends of Artificial Intelligence in Human Biofield', 'GUNJAN CHHABRA, \nAJAY PRASAD, \nVENKATADRI MARRIBOYINA', 'Systemics', 'UPES Dehradun', 'International Journal of Innovative Technology and Exploring Engineering (IJITEE)', 'Research Article', NULL, 'SCOPUS', 0, NULL, 'NA', 'August', 2019, 'NA', 'NA', NULL, NULL, NULL, 'Completed'),
(40001785, 'Gamification in Education: A Cognitive Psychology Approach to Cooperative and Fun Learning', 'Bhargava, D.\nUniversity of Petroleum and Energy Studies, Dehradun, India\n\nDemkah, M.\nFaculty of Sustainable Development and Engineering, Universite des Mascareignes, Mauritius\n\n', 'Virtualization', 'UPES Dehradun', 'Proceedings - 2019 Amity International Conference on Artificial Intelligence, AICAI 2019', 'Conference', NULL, 'SCOPUS', 8701264, NULL, '170-174', 'April', 2019, 'https://www.scopus.com/record/display.uri?eid=2-s2.0-85065623919&origin=resultslist&sort=plfdt-f&listId=4179132&src=s&imp=t&sid=05f2fccd8f3c589d33ebdf7fe25ffadf&sot=sl&sdt=sl&sl=0&relpos=0&citeCnt=0&searchTerm=', '10.1109/AICAI.2019.8701264', NULL, NULL, NULL, 'Completed'),
(40001058, 'Hierarchical Load Balancing Model by Optimal Resource Utilization', 'Jagdish Chandra Patni', 'Virtualization', 'UPES Dehradun', 'International Journal of Business Analytics', 'Research Article', NULL, 'SCI', 0, NULL, NULL, 'June', 2019, 'igiglobal.com', '1', NULL, NULL, NULL, 'Pending'),
(40000987, 'Homomorphic Encryption over Databases.', 'Jayakrishnan Ashok, K. N. Dheeraj, Chaitanya Subhedar, Rajeev Tiwari (UPES)', 'Virtualization', 'UPES Dehradun', 'International Journal of Innovative Technology and Exploring Engineering (IJITEE), ISSN: 2278-3075', 'Research Article', NULL, 'SCOPUS', 8, NULL, '1983-1090', 'June', 2019, 'https://www.ijitee.org/wp-content/uploads/papers/v8i8/G5854058719.pdf', 'G5854058719 & Sciences Publication /19©BEIESP', NULL, NULL, NULL, 'Completed'),
(40001815, 'Human Action Recognition using Rule based Fuzzy Motion Feature Templates', 'Chandra Mani Sharma, Alaknanda Ashok, Alok Kumar Singh Kushwaha', 'Informatics', 'UPES Dehradun', 'International Journal of Innovative Technology and Exploring Engineering', 'Research Article', '2278-3075', 'SCOPUS', 9, NULL, '4695-4700', 'November', 2019, 'https://www.ijitee.org/wp-content/uploads/papers/v9i1/A4855119119.pdf', '10.35940/ijitee', NULL, 'https://www.jotform.com/uploads/rnd.upes/80721110279449/4498782424796776194/A4855119119.pdf', NULL, 'Pending'),
(40001058, 'Image Quality Enhancement in C Programming', 'Shishir Goyal ; Shivansh Thapliyal ; Siddharth Sharma ; Souradeep Banerjee ; Jagdish Chandra Patni', 'Virtualization', 'UPES Dehradun', 'IEEE', 'Conference', NULL, 'SCOPUS', 1, NULL, '637-641', 'February', 2019, 'https://ieeexplore.ieee.org/document/8701235', '10.1109/AICAI.2019.8701235', NULL, NULL, NULL, 'Completed'),
(NULL, 'Image to Text conversion in Foreign Language using Document Image Processing Technique', 'Rishabh Jain, Satyam Gupta, Shahzeb Rizvi, Nitin Arora', 'Informatics', 'UPES Dehradun', 'International Journal of Innovative Technology and Exploring Engineering', 'Review Article', '2278-3075', 'SCOPUS', 9, NULL, NULL, 'November', 2019, 'Not published yet', 'Not generated Yet', NULL, 'https://www.jotform.com/uploads/rnd.upes/80721110279449/4478110638324073587/Paper has been accepted and will be published on or before 15th November.pdf', NULL, 'Completed'),
(40001326, 'Implementation and Evaluation of Intelligence Incorporated Tutoring System', 'Ninni Singh\nNeelu Jyothi Ahuja', 'Informatics', 'UPES Dehradun', 'International Journal of Innovative Technology and Exploring Engineering', 'Research Article', NULL, 'SCOPUS', 8, NULL, '4548-4558', 'August', 2019, 'https://www.ijitee.org/wp-content/uploads/papers/v8i10/J98490881019.pdf', '10.35940/ijitee.J9849.0881019', NULL, NULL, NULL, 'Pending'),
(40000043, 'Implementation and Evaluation of Personalized Intelligent Tutoring System', 'Ninni Singh, Amit Kumar, Neelu Jyothi Ahuja ', 'Systemics', 'UPES Dehradun', 'International Journal of Innovative Technology and Exploring Engineering (IJITEE)', 'Research Article', NULL, 'SCOPUS', 8, NULL, '46-55', 'April', 2019, 'https://www.ijitee.org/wp-content/uploads/papers/v8i6c/F12180486C19.pdf', 'https://www.ijitee.org/wp-content/uploads/papers/v8i6c/F12180486C19.pdf', NULL, NULL, NULL, 'Pending'),
(40001189, 'IMPLEMENTATION OF AURA COLORSPACE VISUALIZER TO DETECT HUMAN BIOFIELD USING IMAGE PROCESSING TECHNIQUE', 'Mr. GUNJAN CHHABRA,\nDr. AJAY PRASAD, \nDr. VENKATADRI MARRIBOYINA', 'Systemics', 'UPES Dehradun', 'Journal of Engineering Science and Technology', 'Research Article', NULL, 'SCOPUS', 14, NULL, '892-908', 'April', 2019, 'http://jestec.taylors.edu.my/Vol%2014%20issue%202%20April%202019/14_2_26.pdf', 'NA', NULL, NULL, NULL, 'Pending'),
(40000095, 'Implementation of Feature Based Object Identification in Bipedal Walking Robot', 'Rashmi Sharma , Dr. Inder Singh , Dr. Manish Prateek, Dr, Ashutosh Pasricha', 'Applications', 'UPES Dehradun', 'International Journal of Engineering and Advanced Technology (IJEAT)', 'Research Article', NULL, 'SCOPUS', 0, NULL, '110', 'June', 2019, 'https://www.ijeat.org/wp-content/uploads/papers/v8i5/D6716048419.pdf', 'https://www.ijeat.org/wp-content/uploads/papers/v8i5', NULL, NULL, NULL, 'Pending'),
(40001616, 'Implementation of Various Load-Balancing Approaches for Cloud Computing Using CloudSim', 'Minakshi Sharma\nRajneesh Kumar\nAnurag Jain', 'Virtualization', 'UPES Dehradun', 'Journal of Computational and Theoretical Nanoscience', 'Research Article', '1546-1955', 'SCOPUS', 16, NULL, '3974-3980', 'September', 2019, 'http://www.aspbs.com/ctn/', '10.1166/jctn.2019.8280', NULL, 'https://www.jotform.com/uploads/rnd.upes/80721110279449/4475340699658681111/jctn paper1.pdf', NULL, 'Pending'),
(40000095, 'Incorporating Forgetting Mechanism in Q-learning Algorithm for Locomotion of Bipedal Walking Robot', 'Rashmi Sharma , Dr. Inder Singh , Deepak Bharadwaj , Dr. Manish Prateek', 'Applications', 'UPES Dehradun', 'International Journal of Innovative Technology and Exploring Engineering(IJITEE)Volume-8 Issue-7', 'Research Article', NULL, 'SCOPUS', 0, NULL, '1782', 'May', 2019, 'https://www.ijitee.org/wp-content/uploads/papers/v8i7/G5312058719.pdf', 'https://www.ijitee.org/wp-content/uploads/papers/v8i7/G5312058719', NULL, NULL, NULL, 'Completed'),
(40000043, 'Integration of Hypermedia in e-learning environment: The impact, characteristics based categorization and Recommendations', 'Akanksha Bisht, Neelu Jyothi Ahuja', 'Systemics', 'UPES Dehradun', 'International Journal of Modern Electronics and Communication Engineering (IJMECE)', 'Research Article', NULL, 'UGC', 6, NULL, '48-51', 'September', 2018, 'http://www.ijmece.org/current_issue/IJMECE180913.pdf', 'http://www.ijmece.org/current_issue/IJMECE180913.pdf', NULL, NULL, NULL, 'Pending'),
(40001308, 'IoT based real time road traffic monitoring and tracking system for hilly regions', 'Harvinder Singh, Dharani Kumar Talapula, Alind', 'Virtualization', 'UPES Dehradun', 'International Journal of Engineering and Advanced Technology (IJEAT)', 'Research Article', NULL, 'SCOPUS', 8, NULL, '2199-2205', 'June', 2019, 'https://www.ijeat.org/wp-content/uploads/papers/v8i5/E7447068519.pdf', 'https://www.ijeat.org/wp-content/uploads/papers/v8i5/E7447068519.pdf', NULL, NULL, NULL, 'Pending'),
(40000043, 'Machine Learning Techniques for Effective Facilitation of Teaching and Learning: A narrative review', 'Anuraj Malav, Neelu Jyothi Ahuja\n', 'Systemics', 'UPES Dehradun', 'i-manager\'s Journal on Computer Science', 'Research Article', NULL, 'UGC', 6, NULL, '33-38A', 'August', 2019, 'http://www.imanagerpublications.com/article/15032/', 'https://doi.org/10.26634/jcom.6.2.15032', NULL, NULL, NULL, 'Pending'),
(40001617, 'Macro: Cost-Oriented Autonomic Resource Management for Cloud Computing', 'Bhupesh Kumar Dewangan\nAmit Agarwal\nVenkatadri M\nAshutosh Pasricha', 'Informatics', 'UPES Dehradun', 'VJR', 'Research Article', NULL, 'SCOPUS', 8, 1, '106-115', 'July', 2019, 'http://vips.edu/wp-content/uploads/2019/07/9.pdf', 'http://vips.edu/wp-content/uploads/2019/07/9.pdf', NULL, NULL, NULL, 'Pending'),
(40001714, 'Modification of Weiler-Atherton Algorithm to Address Loose Polygons', 'Pankaj Badoni,Tanuj Joshi,Tanupriya Choudhury.', 'Informatics', 'UPES Dehradun', 'Journal of Scientific and Industrial Research (JSIR)', 'Research Article', NULL, 'SCI', 0, NULL, 'N.A', 'November', 2019, 'Accepted', 'In process', NULL, NULL, NULL, 'Completed'),
(NULL, 'Modified Local Binary Pattern Scheme using Row, Column and Diagonally aligned Pixel’s Intensity Pattern', 'Nitin Arora, Alaknanda Ashok, Shamik Tiwari', 'Informatics', 'UPES Dehradun', 'International Journal of Innovative Technology and Exploring Engineering', 'Research Article', NULL, 'SCOPUS', 8, NULL, '771-779', 'March', 2019, 'https://www.ijitee.org/wp-content/uploads/papers/v8i5/D2797028419.pdf', 'https://www.ijitee.org/wp-content/uploads/papers/v8i5/D2797028419.pdf', NULL, NULL, NULL, 'Completed'),
(NULL, 'Multi Spectral Classification and Recognition of Breast Cancer and Pneumonia', 'Aditya Kakde, Nitin Arora, Durgansh Sharma', 'Informatics', 'UPES Dehradun', 'Polish Journal of Medical Physics and Engineering', 'Research Article', '1898-0309', 'SCOPUS', 4, NULL, NULL, 'December', 2019, 'not generated yet', 'Not generated yet', NULL, 'https://www.jotform.com/uploads/rnd.upes/80721110279449/4478120988326890847/Cisco Content Security Management Virtual Appliance M100V (dh218-euq1.ap.iphmx.com) - Message Details.pdf', NULL, 'Completed'),
(40001607, 'Multi-Focus Image Fusion using Non-Local Mean Filtering and Stationary Wavelet Transform', 'Kapil Joshi, N.K.Joshi, Manoj Diwakar, A.N. Tripathi, Himanshu Gupta', 'Virtualization', 'UPES Dehradun', 'International Journal of Innovative Technology and Exploring Engineering (IJITEE)', 'Research Article', '2278-3075', 'SCOPUS', 9, 1, '344-350', 'November', 2019, 'http://www.ijitee.org/download/volume-9-issue-1/', '10.35940/ijitee.A4123.119119', NULL, 'https://www.jotform.com/uploads/rnd.upes/80721110279449/4496182254797723395/A4123119119.pdf', NULL, 'Completed'),
(40001612, 'Optimal Predictive Model for FIFA WorldCup', 'Dr. Durgansh Sharma\nMr. Vaibhava Sharma', 'Cybernetics', 'UPES Dehradun', 'IJRTE', 'Research Article', '2277-3878', 'SCOPUS', 7, NULL, '118-123', 'April', 2019, 'https://www.ijrte.org/wp-content/uploads/papers/v7i6C/F90410476C19.pdf', '2277-3878', NULL, 'https://www.jotform.com/uploads/rnd.upes/80721110279449/4475516169652763720/Paper Published - FIFA.pdf', NULL, 'Pending'),
(40001928, 'Path Finder: An Artificial Intelligence Based Shortest Path', 'Anupam Singh\nVivek Lokchand Shahare\nNitin Arora\nAhatsham\n\n', 'Informatics', 'UPES Dehradun', 'IJRTE', 'Research Article', '22773878', 'SCOPUS', 8, NULL, NULL, 'November', 2019, 'not generated yet', 'not generated yet', NULL, 'https://www.jotform.com/uploads/rnd.upes/80721110279449/4479042712913554110/paper_ijrte.html', NULL, 'Completed'),
(40000987, 'Performance Analysis of Energy Efficient Opportunistic Routing Protocols in Wireless Sensor Network', 'Premkumar Chithaluru \nRajeev Tiwari* \nand Kamal Kumar', 'Virtualization', 'UPES Dehradun', 'International Journal of Sensors, Wireless Communications and Control', 'Research Article', '2210-3287', 'SCOPUS', 9, NULL, NULL, 'October', 2019, 'https://benthamscience.com/journals/international-journal-of-sensors-wireless-communications-and-control/upcoming-articles/', '10.2174/2210327909666191026092311', NULL, 'https://www.jotform.com/uploads/rnd.upes/80721110279449/4483063104795171754/Final paper.pdf', NULL, 'Completed'),
(40000987, 'Project Workflow Management: A Cloud based Solution-Scrum Console', 'Rajeev Tiwari', 'Virtualization', 'UPES Dehradun', 'International Journal of Engineering & Technology', 'Research Article', NULL, 'SCOPUS', 7, NULL, '2457-2462', 'December', 2018, 'https://www.sciencepubco.com/index.php/ijet/article/view/15799/9292', '10.14419/ijet.v7i4.15799', NULL, NULL, NULL, 'Completed'),
(40001735, 'Proof of Game (PoG): A Game Theory based Consensus Model', 'Adarsh Kumar, Saurabh Jain', 'Systemics', 'UPES Dehradun', 'International Conference on Sustainable Communication Networks and Applications', 'Conference', NULL, 'SCOPUS', 0, NULL, 'NA', 'September', 2019, 'NA', 'NA', NULL, NULL, NULL, 'Completed'),
(NULL, 'Randomization Technique for Designing of Substitution Box in Data Encryption Standard Algorithm', 'Nilima S., Alind, Nitin Arora\n', 'Informatics', 'UPES Dehradun', 'International Journal of Mathematical Sciences and Computing', 'Research Article', NULL, 'SCOPUS', 3, NULL, '27-36', 'July', 2019, 'http://mecs-press.org/ijmsc/v5n3.html', '10.5815/ijmsc.2019.03.03', NULL, NULL, NULL, 'Pending'),
(40000950, 'Real Time Activity Logger: a User Activity Detection System', 'Hitesh Kumar Sharma\nIshu Khanchi', 'Cybernetics', 'UPES Dehradun', 'IJEAT', 'Research Article', '2249 – 8958', 'SCOPUS', 0, NULL, NULL, 'October', 2019, 'https://www.ijeat.org/download/volume-9-issue-1/', 'https://www.ijeat.org/download/volume-9-issue-1/', NULL, 'https://www.jotform.com/uploads/rnd.upes/80721110279449/4490807994795921079/A9529109119.pdf', NULL, 'Completed'),
(40001684, 'Real Time Human Activity Recognition using Smart Phone', 'Ahatsham\nShubhi Jain\nVivek Shahare\nNitin Arora\nShanay Rab', 'Informatics', 'UPES Dehradun', 'Advanced Science, Engineering and Medicine', 'Research Article', '2164-6627', 'SCOPUS', 0, NULL, 'NA', 'December', 2019, 'NA', 'NA', NULL, 'https://www.jotform.com/uploads/rnd.upes/80721110279449/4483256904793900745/HAR Accepatnce.JPG', NULL, 'Completed'),
(40001714, 'Real-Time Recognition of Malignant Skin Lesions using Ensemble Modeling', 'Tanupriya Choudhury\nVikas kumar', 'Informatics', 'UPES Dehradun', 'Journal of Scientific and Industrial Research (JSIR)', 'Research Article', NULL, 'SCI', 0, NULL, '148-153', 'March', 2019, 'http://nopr.niscair.res.in/handle/123456789/45947', 'In process', NULL, NULL, NULL, 'Pending'),
(40001714, 'Redundant Iaas Cloud Selection With Consideration Of Multi Criteria Decision Analysis', 'Tanupriya Choudhury\nNaveen Chauhan\nRajeev Agrawal\nKanika Garg', 'Informatics', 'UPES Dehradun', 'https://www.journals.elsevier.com/procedia-computer-science', 'Research Article', NULL, 'SCOPUS', 0, NULL, 'N.A', 'November', 2019, 'Accepted', 'In process', NULL, NULL, NULL, 'Pending'),
(40001938, 'Research on Engineering Students behavioral analysis for focused aspirations', 'Dr. Ekta Upadhyay', 'Virtualization', 'UPES Dehradun', 'International Journal of Engineering and Advanced Technology (IJEAT)', 'Research Article', '2249 – 8958', 'SCOPUS', 9, NULL, '227-231', 'October', 2019, '1)	https://www.ijeat.org/wp-content/uploads/papers/v9i1/A1127109119.pdf', '1)	https://www.ijeat.org/wp-content/uploads/papers/v9i1/A1127109119.pdf', NULL, 'https://www.jotform.com/uploads/rnd.upes/80721110279449/4484006184795591361/IJEAT_Oct 2019.pdf', NULL, 'Completed'),
(40001785, 'Rock Hyrax intelligent optimisation algorithm: an exploration for Web 3.0 domain selection', 'B. Suresh Kumar\nDeepshikha Bhargava\nArpan Kumar Kar\nChinwe Peace Igiri', 'Virtualization', 'UPES Dehradun', 'Int. J. Advanced Intelligence Paradigms', 'Research Article', NULL, 'SCOPUS', 0, NULL, '-', NULL, NULL, 'http://www.inderscience.com/info/ingeneral/forthcoming.php?jcode=ijaip', '10.1504/IJAIP.2018.10015437', NULL, NULL, NULL, 'Completed'),
(40001308, 'Scheduling in Cloud Computing Environment using Metaheuristic Techniques: A Survey', 'Harvinder Singh, Sanjay Tyagi, Pardeep Kumar', 'Virtualization', 'UPES Dehradun', 'Advances in Intelligent Systems and Computing book series (AISC)', 'Research Article', NULL, 'SCOPUS', 937, NULL, '753-763', 'July', 2019, 'https://link.springer.com/chapter/10.1007/978-981-13-7403-6_66', 'https://link.springer.com/chapter/10.1007/978-981-13-7403-6_66', NULL, NULL, NULL, 'Completed'),
(40001617, 'Self-characteristics based Energy-efficient Resource scheduling for Cloud', 'Bhupesh Kumar Dewangan\nAmit Agarwal\nVenkatadri M\nAshutosh Pasricha', 'Informatics', 'UPES Dehradun', 'Procedia Compter Science ELSEVIER', 'Conference', NULL, 'SCOPUS', 152, NULL, '204-211', 'May', 2019, 'https://www.sciencedirect.com/science/article/pii/S1877050919306969', 'https://doi.org/10.1016/j.procs.2019.05.044', NULL, NULL, NULL, 'Completed'),
(40000950, 'Sentiment Analysis using Python', 'Hitesh Kumar Sharma', 'Cybernetics', 'UPES Dehradun', 'IJRAR', 'Research Article', '2348-1269', 'UGC', 0, NULL, NULL, 'October', 2019, 'www.ijrar.org', 'www.ijrar.org', NULL, 'https://www.jotform.com/uploads/rnd.upes/80721110279449/4490809864792214311/IJRAR19K6172.pdf', NULL, 'Pending'),
(NULL, 'Similar image retrieval based on texture feature vector using Local Octal and Local Hexadecimal Pattern and comparison with Local Binary Pattern', 'Nitin Arora, Alaknanda Ashok, Shamik Tiwari', 'Informatics', 'UPES Dehradun', 'JOURNAL OF MECHANICS OF CONTINUA AND MATHEMATICAL SCIENCES', 'Review Article', '2454 -7190', 'SCOPUS', 14, NULL, '558-570', 'August', 2019, 'http://www.journalimcms.org/journal/similar-imageretrieval-based-on-texture-feature-vector-using-local-octal-and-local-hexadecimal-pattern-and-comparison-with-local-binary-pattern/', 'https://doi.org/10.26782/jmcms.2019.08.00046', NULL, 'https://www.jotform.com/uploads/rnd.upes/80721110279449/4478117298325193786/paper_1.pdf', NULL, 'Pending'),
(40001617, 'SLA-BASED AUTONOMIC CLOUD RESOURCE MANAGEMENT FRAMEWORK BY ANTLION OPTIMIZATION ALGORITHM', 'Bhupesh Kumar Dewangan\nAmit Agarwal\nVenkatadri M\nAshutosh Pasricha', 'Informatics', 'UPES Dehradun', 'International Journal of Innovative Technology and Exploring Engineering (IJITEE)', 'Research Article', NULL, 'SCOPUS', 8, 4, '119-123', 'February', 2019, 'https://www.ijitee.org/wp-content/uploads/papers/v8i4/D2659028419.pdf', 'https://www.ijitee.org/wp-content/uploads/papers/v8i4/D2659028419.pdf', NULL, NULL, NULL, 'Pending');
INSERT INTO `journal` (`sap_id`, `title`, `authors`, `department`, `affiliation`, `journal_name`, `publisher`, `issn`, `indexed`, `volume`, `issue`, `page_no`, `month`, `year`, `url`, `doi`, `impact`, `upload`, `status`, `remarks`) VALUES
(40001819, 'Smart Home Automation Tool for Energy Conservation', 'VIVEK SHAHARE\nNITIN ARORA\nAHATSHAM\nANUPAM SINGH\nNIDHI MOUJE', 'Informatics', 'UPES Dehradun', 'International Journal of Recent Technology and Engineering (IJRTE)', 'Research Article', ':2277-3878', 'SCOPUS', 8, NULL, 'NA', 'November', 2019, 'http://ijrte.org/download/volume-8-issue-4/', 'Accepted but Not yet Publish', NULL, 'https://www.jotform.com/uploads/rnd.upes/80721110279449/4482615819421073115/smart automation.jpg', NULL, 'Pending'),
(40001928, 'Smart Home Automation Tool for Energy Conversation', 'Vivek Lokchand Shahare\nAnupam Singh\nAhatsham \nNitin Arora', 'Informatics', 'UPES Dehradun', 'IJRTE', 'Research Article', '2277-3878', 'SCOPUS', 8, NULL, 'not yet', 'November', 2019, 'not yet generated', 'not yet generated', NULL, 'https://www.jotform.com/uploads/rnd.upes/80721110279449/4482335589657630190/WhatsApp Image 2019-10-30 at 12.20.25 (1).jpeg', NULL, 'Completed'),
(40001724, 'State-of-the-Art: A Systematic Literature Review on Image Segmentation in Latent Fingerprint Forensics', 'Megha Chhabra*, Manoj Kumar Shukla and Kiran Kumar Ravulakollu', 'Informatics', 'UPES Dehradun', 'Recent Patents on Computer Science', 'Research Article', NULL, 'SCOPUS', 12, NULL, '1', 'March', 2019, 'http://www.eurekaselect.com/171900', 'https://doi.org/10.2174/2213275912666190429153952', NULL, NULL, NULL, 'Completed'),
(40001524, 'Study of various approaches for VM Placement optimization in Data Centers', 'Pardeep Singh, Research Scholar, Department of Computer science, Punjabi University, Patiala, Punjab, India.\nJyotsna Sengupta, Professor, Department of Computer science, Punjabi University, Patiala, Punjab, India.\nP.K. Suri,Ex. Professor, Department of Computer Science, Kurukshetra University, Kurukshetra, India.', 'Cybernetics', 'UPES Dehradun', 'International Journal of Scientific Research in Computer Science Applications and Management Studies', 'Review Paper', NULL, 'UGC', 7, NULL, NULL, 'November', 2018, 'http://www.ijsrcsams.com/images/stories/Past_Issue_Docs/ijsrcsamsv7i6p130.pdf', 'http://www.ijsrcsams.com/images/stories/Past_Issue_Docs/ijsrcsamsv7i6p130.pdf', NULL, NULL, NULL, 'Pending'),
(40001724, 'Surface Corrosion Grade Classification using Convolution Neural Network', 'Sanjay Kumar Ahuja, Manoj Kumar Shukla, Kiran Kumar Ravulakollu', 'Informatics', 'UPES Dehradun', 'International Journal of Recent Technology and Engineering', 'Blue Eyes Intell', '2277-3878', 'SCOPUS', 8, 3, '7645-7649', 'Sep', 2019, 'http://dx.doi.org/10.35940/ijrte.C6196.098319', '10.35940/ijrte.C6196.098319', NULL, 'https://www.jotform.com/uploads/rnd.upes/80721110279449/4488202188414242809/C6196098319.pdf', 0, 'Pending'),
(40001504, 'Survey on Scheduling Algorithms for Multiple Workflows in Cloud Computing Environment', '1. Ms. Ambika Aggarwal\n2. Dr. Priti Dimri\n3. Dr. Amit Agarwal\n\n\n\n', 'Virtualization', 'UPES Dehradun', 'International Journal of Computer Sciences and Engineering', 'Review Paper', NULL, 'UGC', 7, NULL, '565-570', 'June', 2019, 'https://www.ijcseonline.org/ijcse_search.php?txtsearch=Survey+on+Scheduling+Algorithms+for+Multiple+Workflows+in+Cloud+Computing+Environment&submit=Search', 'https://doi.org/10.26438/ijcse/v7i6.565570', NULL, NULL, NULL, 'Completed'),
(40000016, 'Swarm Intelligence based efficient routing algorithm for platooning in VANET through Ant Colony Optimization', 'Gagan Deep Singh;\nDr. Manish Prateek;\nDr. Hanumat Sastry G', 'Applications', 'UPES Dehradun', 'International Journal of Innovative Technology and Exploring Engineering(TM)', 'Research Article', NULL, 'SCOPUS', 8, NULL, '1238-1244', 'July', 2019, 'https://www.scopus.com/record/display.uri?eid=2-s2.0-85070199351&origin=resultslist&sort=plf-f&src=s&sid=d408de076b28245eeaebd8913b2c82f9&sot=autdocs&sdt=autdocs&sl=18&s=AU-ID%2857199952347%29&relpos=0&citeCnt=0&searchTerm=', 'I7888078919/19©BEIESP', NULL, NULL, NULL, 'Pending'),
(40001287, 'T-NOT Gate : A Novel Circuit based on', 'Amit Verma\nDr. Manish Prateek', 'Informatics', 'UPES Dehradun', 'International Journal of Innovative Technology and Exploring Engineering, India', 'Research Article', '2278-3075', 'SCOPUS', 8, NULL, '666-671', 'February', 2019, 'https://www.ijitee.org/download/volume-8-issue-4/ T-NOT Gate : A Novel Circuit based on Ternary Logic', 'D2823028419/19', NULL, 'https://www.jotform.com/uploads/rnd.upes/80721110279449/4482240009654619847/T-NOT Gate A Novel Circuit based on ternary logic.pdf', NULL, 'Pending'),
(40001281, 'Temperature Aware Routing Protocol in the field of Wireless Body Sensor Network', 'Juhi Agrawal,Shelly', 'Informatics', 'UPES Dehradun', 'International Journal of Engineering and Advanced Technology', 'Research Article', '2249 – 8958', 'SCOPUS', 9, NULL, '2980-2987', 'October', 2019, 'https://www.ijeat.org/wp-content/uploads/papers/v9i1/A1340109119.pdf', '10.35940/ijeat.A1340.109119', NULL, 'https://www.jotform.com/uploads/rnd.upes/80721110279449/4486536654792500852/A1340109119.pdf', NULL, 'Completed'),
(40001533, 'The effect of knowledge management on perceived software process improvement Mediating effects of critical success factors and moderating effect of the use of information technology', 'Chugh, M., Chanderwal, N., Mishra, A. and Punia, D.', 'Applications', 'UPES Dehradun', 'Vine Journal of Information and Knowledge Management Systems', 'Research Article', '2059-5891', 'ABDC', 49, NULL, '546-567', 'November', 2019, 'https://www.emerald.com/insight/content/doi/10.1108/VJIKMS-11-2018-0106/full/html', '10.1108/VJIKMS-11-2018-0106', NULL, 'https://www.jotform.com/uploads/rnd.upes/80721110279449/4506487654799351193/Vine Research paper.pdf', NULL, 'Completed'),
(40001189, 'Track Your Parking Lot with the help of Sensors', 'Parul Madan, Satya Prakash Upadhyay, Paravjot Singh, Rashmi Sharma and Gunjan Chhabra ', 'Systemics', 'UPES Dehradun', 'International Journal of Innovative Technology and Exploring Engineering', 'Research Article', '2278-3075', 'SCOPUS', 8, NULL, '4269-4274', 'September', 2019, 'https://www.ijitee.org/wp-content/uploads/papers/v8i11/K24670981119.pdf', '10.35940/ijitee.K2467.0981119', NULL, 'https://www.jotform.com/uploads/rnd.upes/80721110279449/4474376939654180300/K24670981119.pdf', NULL, 'Pending'),
(40001735, 'Trends in Existing and Emerging Cyber Threat Intelligence Platforms', 'Adarsh Kumar\nKriti Sharma\nSaurabh Jain\nDeepak Sharma\nAlok Aggarwal', 'Systemics', 'UPES Dehradun', 'International Journal of Innovative Technology and Exploring Engineering (IJITEE)', 'Research Article', '22783075', 'SCOPUS', 8, NULL, '12', 'October', 2019, 'https://www.ijitee.org/wp-content/uploads/papers/v8i12/L31881081219.pdf', '10.35940/ijitee.L3188.1081219', NULL, 'https://www.jotform.com/uploads/rnd.upes/80721110279449/4473197029797415732/IJITEE.pdf', NULL, 'Pending'),
(40001714, 'Use of ‘A light weight secure image encryption scheme based on chaos and DNA computing’ for encrypted audio watermarking', 'Bhaskar Mondal\nTanupriya Choudhury\nTarini Mondal\nDanish Ali Khan', 'Informatics', 'UPES Dehradun', 'Int. J. Advanced Intelligence Paradigms, Vol. 13, Nos. 1/2, 2019 67', 'Research Article', NULL, 'SCOPUS', 0, NULL, 'Int. J. Advanced Intelligence Paradigms, Vol. 13, Nos. 1/2, 2019 67', 'May', 2019, 'https://www.inderscience.com/info/ingeneral/forthcoming.php?jcode=ijaip', 'In process', NULL, NULL, NULL, 'Pending'),
(40001310, 'User Choice-Based Secure Password Generator using Python', 'Kamal Preet Singh1\n, Nitin Arora2\n, and Ahatsham3\n', 'Cybernetics', 'UPES Dehradun', 'International Journal of Research in Engineering, IT and Social Science', 'Case Study', NULL, 'UGC', 0, NULL, '203-205', NULL, NULL, 'http://www.indusedu.org/pdfs/IJREISS/IJREISS_2150_62614.pdf', '2250-0588', NULL, NULL, NULL, 'Completed'),
(40001179, '‘An Efficient Path Planning Algorithm for Networked Robots using Modified Optimization Algorithm’', 'niharika singh\nmanish prateek\npoiyush chauhan', 'Informatics', 'UPES Dehradun', 'in ‘International Journal of Innovative Technology and Exploring Engineering (IJITEE)’,', 'Research Article', '2278–3075', 'SCOPUS', 8, NULL, '2738-2743.', 'October', 2019, 'https://www.ijitee.org/download/volume-8-issue-12/', '.', NULL, 'https://www.jotform.com/uploads/rnd.upes/80721110279449/4483289802121181539/L25541081219.docx', NULL, 'Completed'),
(NULL, '“A Technique for Generating Secure Password based on Real Time Components', 'Nitin Arora, Kamal Preet Singh, Ahatsham', 'Informatics', 'UPES Dehradun', 'International Journal of Research in Engineering, IT and Social Science', 'Research Article', NULL, 'UGC', 8, NULL, '280-283', NULL, NULL, 'http://indusedu.org/pdfs/IJREISS/IJREISS_2116_41265.pdf', 'http://indusedu.org/pdfs/IJREISS/IJREISS_2116_41265.pdf', NULL, NULL, NULL, 'Pending');

-- --------------------------------------------------------

--
-- Table structure for table `login`
--

CREATE TABLE `login` (
  `sap_id` int(11) NOT NULL,
  `password` int(11) DEFAULT NULL,
  `name` varchar(28) CHARACTER SET utf8 DEFAULT NULL,
  `designation` varchar(25) CHARACTER SET utf8 DEFAULT NULL,
  `department` varchar(20) CHARACTER SET utf8 DEFAULT NULL,
  `school` varchar(4) CHARACTER SET utf8 DEFAULT NULL
) ENGINE=InnoDB DEFAULT CHARSET=utf8mb4;

--
-- Dumping data for table `login`
--

INSERT INTO `login` (`sap_id`, `password`, `name`, `designation`, `department`, `school`) VALUES
(40000016, 40000016, 'GAGAN DEEP SINGH', 'Faculty', 'Computer Application', 'SOCS'),
(40000043, 40000043, 'NEELU JYOTI AHUJA', 'HOD', 'Systemics', 'SOCS'),
(40000095, 40000095, 'INDER SINGH', 'Faculty', 'Computer Application', 'SOCS'),
(40000118, 40000118, 'VINAY AVASTHI', 'Faculty', 'Computer Application', 'SOCS'),
(40000453, 40000453, 'NEERAJ CHUGH', 'Faculty', 'Systemics', 'SOCS'),
(40000627, 40000627, 'MANISH PRATEEK', 'Dean', '', 'SOCS'),
(40000628, 40000628, 'VISHAL KAUSHIK', 'Faculty', 'Systemics', 'SOCS'),
(40000667, 40000667, 'PRAKASH GL', 'Faculty', 'Virtualization', 'SOCS'),
(40000730, 40000730, 'HANUMAT SASTRY G', 'Faculty', 'Systemics', 'SOCS'),
(40000816, 40000816, 'AJAY RAWAT', 'Faculty', 'Informatics', 'SOCS'),
(40000843, 40000843, 'MONIT KAPOOR', 'HOD', 'Cybernetics', 'SOCS'),
(40000920, 40000920, 'SUNIL KUMAR', 'Faculty', 'Cybernetics', 'SOCS'),
(40000943, 40000943, 'ANIL KUMAR', 'Faculty', 'Informatics', 'SOCS'),
(40000950, 40000950, 'HITESH KUMAR SHARMA', 'Faculty', 'Cybernetics', 'SOCS'),
(40000987, 40000987, 'RAJEEV TIWARI', 'Faculty', 'Virtualization', 'SOCS'),
(40000993, 40000993, 'HUKAM SINGH RANA', 'Faculty', 'Informatics', 'SOCS'),
(40001054, 40001054, 'POONAM KAINTHURA', 'Faculty', 'Informatics', 'SOCS'),
(40001058, 40001058, 'JAGDISH CHANDRA PATNI', 'Faculty', 'Virtualization', 'SOCS'),
(40001059, 40001059, 'RAVI TOMAR', 'Faculty', 'Informatics', 'SOCS'),
(40001062, 40001062, 'RAVI PRAKASH', 'Faculty', 'Informatics', 'SOCS'),
(40001082, 40001082, 'PREMKUMAR CHITHARULU', 'Faculty', 'Systemics', 'SOCS'),
(40001084, 40001084, 'P SRIKANTH', 'Faculty', 'Systemics', 'SOCS'),
(40001097, 40001097, 'PANKAJ BADONI', 'Faculty', 'Virtualization', 'SOCS'),
(40001100, 40001100, 'ANKIT KHARE', 'Faculty', 'Cybernetics', 'SOCS'),
(40001107, 40001107, 'ANKIT VISHNOI', 'Faculty', 'Systemics', 'SOCS'),
(40001112, 40001112, 'AJAY PRASAD', 'HOD', 'Computer Application', 'SOCS'),
(40001116, 40001116, 'BHAGWANT SINGH', 'Faculty', 'Informatics', 'SOCS'),
(40001134, 40001134, 'KINGSHUK SRIVASTAVA', 'Faculty', 'Informatics', 'SOCS'),
(40001160, 40001160, 'AMIT AGARWAL', 'Faculty', 'Virtualization', 'SOCS'),
(40001179, 40001179, 'NIHARIKA SINGH', 'Faculty', 'Informatics', 'SOCS'),
(40001189, 40001189, 'GUNJAN CHHABRA', 'Faculty', 'Systemics', 'SOCS'),
(40001191, 40001191, 'PIYUSH CHAUHAN', 'Faculty', 'Informatics', 'SOCS'),
(40001192, 40001192, 'RASHMI SHARMA', 'Faculty', 'Systemics', 'SOCS'),
(40001198, 40001198, 'CHRISTALIN NELSON  S', 'Faculty', 'Systemics', 'SOCS'),
(40001211, 40001211, 'ABHISHEK PANDEY', 'Faculty', 'Cybernetics', 'SOCS'),
(40001237, 40001237, 'ROOHI SILLE', 'Faculty', 'Systemics', 'SOCS'),
(40001272, 40001272, 'BHUPENDRA SINGH', 'Faculty', 'Virtualization', 'SOCS'),
(40001275, 40001275, 'ALIND', 'Faculty', 'Virtualization', 'SOCS'),
(40001281, 40001281, 'JUHI AGARWAL', 'Faculty', 'Informatics', 'SOCS'),
(40001284, 40001284, 'SACHI CHOUDHARY', 'Faculty', 'Virtualization', 'SOCS'),
(40001285, 40001285, 'NILIMA SALANKAR FULMARE', 'Faculty', 'Virtualization', 'SOCS'),
(40001286, 40001286, 'HIMANSHU SAHU', 'Faculty', 'Cybernetics', 'SOCS'),
(40001287, 40001287, 'AMIT VERMA', 'Faculty', 'Informatics', 'SOCS'),
(40001308, 40001308, 'HARVINDER SINGH', 'Faculty', 'Virtualization', 'SOCS'),
(40001310, 40001310, 'KAMALPREET SINGH', 'Faculty', 'Cybernetics', 'SOCS'),
(40001326, 40001326, 'NINNI SINGH', 'Faculty', 'Informatics', 'SOCS'),
(40001334, 40001334, 'ARADHANA KUMARI SINGH', 'Faculty', 'Informatics', 'SOCS'),
(40001371, 40001371, 'DEEPAK KUMAR SHARMA', 'Faculty', 'Informatics', 'SOCS'),
(40001372, 40001372, 'ARJUN ARORA', 'Faculty', 'Cybernetics', 'SOCS'),
(40001388, 40001388, 'RICHA CHOUDHARY', 'Faculty', 'Informatics', 'SOCS'),
(40001397, 40001397, 'RAVI SHANKER SINGHAL', 'Faculty', 'Informatics', 'SOCS'),
(40001442, 40001442, 'SAURABH SHANU', 'Faculty', 'Virtualization', 'SOCS'),
(40001443, 40001443, 'AMAR SHUKLA', 'Faculty', 'Virtualization', 'SOCS'),
(40001449, 40001449, 'APURVA GUPTA', 'Faculty', 'Informatics', 'SOCS'),
(40001460, 40001460, 'VED PRAKASH BHARDWAJ', 'Faculty', 'Cybernetics', 'SOCS'),
(40001461, 40001461, 'ALOK JHALDIYAL', 'Faculty', 'Systemics', 'SOCS'),
(40001463, 40001463, 'SHAHINA ANWARUL', 'Faculty', 'Systemics', 'SOCS'),
(40001464, 40001464, 'DEEPA JOSHI', 'Faculty', 'Systemics', 'SOCS'),
(40001469, 40001469, 'AVITA KATAL', 'Faculty', 'Virtualization', 'SOCS'),
(40001470, 40001470, 'VIDYANAND MISHRA', 'Faculty', 'Systemics', 'SOCS'),
(40001471, 40001471, 'SUSHEELA DAHIYA', 'Faculty', 'Computer Application', 'SOCS'),
(40001472, 40001472, 'ANUSHREE SAH', 'Faculty', 'Virtualization', 'SOCS'),
(40001473, 40001473, 'ABHIJIT KUMAR', 'Faculty', 'Informatics', 'SOCS'),
(40001485, 40001485, 'SANDIP KUMAR CHAURASIYA', 'Faculty', 'Cybernetics', 'SOCS'),
(40001500, 40001500, 'KALPANA RANGRA', 'Faculty', 'Cybernetics', 'SOCS'),
(40001504, 40001504, 'AMBIKA AGGARWAL', 'Faculty', 'Virtualization', 'SOCS'),
(40001511, 40001511, 'ANURAG SINGH TOMAR', 'Faculty', 'Systemics', 'SOCS'),
(40001517, 40001517, 'SUMIT KUMAR', 'Faculty', 'Systemics', 'SOCS'),
(40001519, 40001519, 'SHELLY', 'Faculty', 'Virtualization', 'SOCS'),
(40001520, 40001520, 'AMBER HAYAT', 'Faculty', 'Systemics', 'SOCS'),
(40001524, 40001524, 'PARDEEP SINGH', 'Faculty', 'Cybernetics', 'SOCS'),
(40001526, 40001526, 'DHIVIYA ROSE J', 'Faculty', 'Computer Application', 'SOCS'),
(40001530, 40001530, 'AMITAVA CHOUDHURY', 'Faculty', 'Informatics', 'SOCS'),
(40001533, 40001533, 'MITALI CHUGH', 'Faculty', 'Computer Application', 'SOCS'),
(40001545, 40001545, 'SANDEEP PRATAP SINGH', 'Faculty', 'Virtualization', 'SOCS'),
(40001555, 40001555, 'DHARANI KUMAR TALAPULA', 'Faculty', 'Virtualization', 'SOCS'),
(40001557, 40001557, 'KESHAV KAUSHIK', 'Faculty', 'Systemics', 'SOCS'),
(40001567, 40001567, 'TRIPTI MISRA', 'Faculty', 'Systemics', 'SOCS'),
(40001607, 40001607, 'AMRENDRA NATH TRIPATHI', 'Faculty', 'Virtualization', 'SOCS'),
(40001611, 40001611, 'SAURABH JAIN', 'Faculty', 'Systemics', 'SOCS'),
(40001612, 40001612, 'DURGANSH SHARMA', 'Faculty', 'Cybernetics', 'SOCS'),
(40001616, 40001616, 'ANURAG JAIN', 'Faculty', 'Virtualization', 'SOCS'),
(40001617, 40001617, 'BHUPESH KUMAR DEWANGAN', 'Faculty', 'Informatics', 'SOCS'),
(40001621, 40001621, 'GAYTRI', 'Faculty', 'Cybernetics', 'SOCS'),
(40001622, 40001622, 'THIPENDRA PAL SINGH', 'HOD', 'Informatics', 'SOCS'),
(40001623, 40001623, 'PRASHANT RAWAT', 'Faculty', 'Systemics', 'SOCS'),
(40001636, 40001636, 'VARUN SAPRA', 'Faculty', 'Systemics', 'SOCS'),
(40001641, 40001641, 'SHAMIK TIWARI', 'Faculty', 'Virtualization', 'SOCS'),
(40001657, 40001657, 'SHUBHI SHARMA', 'Faculty', 'Informatics', 'SOCS'),
(40001671, 40001671, 'ROHIT SRIVASTAVA', 'Faculty', 'Cybernetics', 'SOCS'),
(40001672, 40001672, 'AMIT SINGH', 'Faculty', 'Informatics', 'SOCS'),
(40001684, 40001684, 'AHATSHAM', 'Faculty', 'Informatics', 'SOCS'),
(40001685, 40001685, 'PRAVIN DAGDEE', 'Faculty', 'Virtualization', 'SOCS'),
(40001713, 40001713, 'PUSHPENDRA KUMAR RAJPUT', 'Faculty', 'Cybernetics', 'SOCS'),
(40001714, 40001714, 'TANUPRIYA CHOUDHURY', 'Faculty', 'Informatics', 'SOCS'),
(40001724, 40001724, 'KIRAN KUMAR RAVULAKOLLU', 'Assistant Dean', '', 'SOCS'),
(40001735, 40001735, 'ADARSH KUMAR', 'Faculty', 'Systemics', 'SOCS'),
(40001740, 40001740, 'ALOK AGGARWAL', 'Faculty', 'Systemics', 'SOCS'),
(40001765, 40001765, 'LALIT KANE', 'Faculty', 'Virtualization', 'SOCS'),
(40001785, 40001785, 'DEEPSHIKHA BHARGAVA', 'Faculty', 'Informatics', 'SOCS'),
(40001793, 40001793, 'NITIKA GOENKA', 'Faculty', 'Cybernetics', 'SOCS'),
(40001799, 40001799, 'ROHIT TANWAR', 'Faculty', 'Systemics', 'SOCS'),
(40001803, 40001803, 'RAHUL KUMAR SINGH', 'Faculty', 'Informatics', 'SOCS'),
(40001814, 40001814, 'AVIRAL SHARMA', 'Faculty', 'Informatics', 'SOCS'),
(40001815, 40001815, 'CHANDRA MANI SHARMA', 'Faculty', 'Informatics', 'SOCS'),
(40001819, 40001819, 'VIVEK LOKCHAND SHAHARE', 'Faculty', 'Informatics', 'SOCS'),
(40001823, 40001823, 'BHAVANA KAUSHIK', 'Faculty', 'Systemics', 'SOCS'),
(40001824, 40001824, 'ANUJ KUMAR', 'Faculty', 'Informatics', 'SOCS'),
(40001825, 40001825, 'BIKRAM PRATIM BHUYAN', 'Faculty', 'Informatics', 'SOCS'),
(40001833, 40001833, 'ASHISH KAILASHCHANDRA SHARMA', 'Faculty', 'Informatics', 'SOCS'),
(40001855, 40001855, 'GOUTAM DATTA', 'Faculty', 'Informatics', 'SOCS'),
(40001857, 40001857, 'DHIRENDRA KUMAR SHARMA', 'Faculty', 'Cybernetics', 'SOCS'),
(40001878, 40001878, 'AKASHDEEP BHARDWAJ', 'Faculty', 'Systemics', 'SOCS'),
(40001898, 40001898, 'MRINAL GOSWAMI', 'Faculty', 'Systemics', 'SOCS'),
(40001920, 40001920, 'PRATEEK GUPTA', 'Faculty', 'Systemics', 'SOCS'),
(40001928, 40001928, 'ANUPAM SINGH', 'Faculty', 'Informatics', 'SOCS'),
(40001931, 40001931, 'SHWETA MONGIA', 'Faculty', 'Informatics', 'SOCS'),
(40001932, 40001932, 'KAUSHIK GHOSH', 'Faculty', 'Computer Application', 'SOCS'),
(40001934, 40001934, 'SUGANDHA SHARMA', 'Faculty', 'Informatics', 'SOCS'),
(40001938, 40001938, 'EKTA MANOJ UPADHYAY', 'Faculty', 'Virtualization', 'SOCS'),
(40001941, 40001941, 'SONALI VYAS', 'Faculty', 'Computer Application', 'SOCS'),
(40001952, 40001952, 'ABHIRUP KHANNA', 'Faculty', 'Virtualization', 'SOCS'),
(40001953, 40001953, 'SUDHANSHU SRIVASTAVA', 'Faculty', 'Informatics', 'SOCS'),
(40002035, 40002035, 'SUNIL GUPTA', 'Faculty', 'Systemics', 'SOCS'),
(40002037, 40002037, 'DEEPIKA KOUNDAL', 'Faculty', 'Virtualization', 'SOCS'),
(40002039, 40002039, 'SILKY GOEL', 'Faculty', 'Cybernetics', 'SOCS'),
(40002380, 40002380, 'VIRENDER KADYAN', 'Faculty', 'Informatics', 'SOCS'),
(40002381, 40002381, 'SONIA', 'Faculty', 'Systemics', 'SOCS'),
(40002388, 40002388, 'SHIV NARESH SHIVHARE', 'Faculty', 'Informatics', 'SOCS'),
(40002391, 40002391, 'GOURAV BATHLA', 'Faculty', 'Cybernetics', 'SOCS');

-- --------------------------------------------------------

--
-- Table structure for table `socs`
--

CREATE TABLE `socs` (
  `Department` varchar(50) DEFAULT NULL,
  `SCI` int(11) DEFAULT NULL,
  `Scopus` int(11) DEFAULT NULL,
  `eSCI` int(11) DEFAULT NULL,
  `UGC Approved` int(11) DEFAULT NULL,
  `Other` int(11) DEFAULT NULL
) ENGINE=InnoDB DEFAULT CHARSET=utf8mb4;

--
-- Dumping data for table `socs`
--

INSERT INTO `socs` (`Department`, `SCI`, `Scopus`, `eSCI`, `UGC Approved`, `Other`) VALUES
('Informatics', NULL, NULL, NULL, NULL, NULL),
('Systemics', NULL, NULL, NULL, NULL, NULL),
('Cybernetics', NULL, NULL, NULL, NULL, NULL),
('Virtualization', NULL, NULL, NULL, NULL, NULL),
('Computer Application', NULL, NULL, NULL, NULL, NULL);

--
-- Indexes for dumped tables
--

--
-- Indexes for table `data`
--
ALTER TABLE `data`
  ADD PRIMARY KEY (`title`);

--
-- Indexes for table `journal`
--
ALTER TABLE `journal`
  ADD PRIMARY KEY (`title`);

--
-- Indexes for table `login`
--
ALTER TABLE `login`
  ADD PRIMARY KEY (`sap_id`);
COMMIT;

/*!40101 SET CHARACTER_SET_CLIENT=@OLD_CHARACTER_SET_CLIENT */;
/*!40101 SET CHARACTER_SET_RESULTS=@OLD_CHARACTER_SET_RESULTS */;
/*!40101 SET COLLATION_CONNECTION=@OLD_COLLATION_CONNECTION */;
